dataset,guide,seq,db,position,longSeq100Bp,modFreq,Normalized,30.19941176,chariRank,chariRaw,crisprScan,doench,drsc,finalGc6,finalGg,fusi,mh,oof,ssc,wang,wangOrig,wuCrispr
varshney2015,cav3-T1,GGACCAGTACAACACTAACGAGG,danRer10,chr6:42005924-42006024:-,AGCTCTTGGGCCAGAGGCGCCCAATATGGCGGACCAGTACAACACTAACGAGGAGAAGATCCTGAGGGACAGTCACACCAAAGAGATCGACTTGATCAAC,73.24 ,1.742327678,24.70292401,98,1.6845158,31,87,6.55489,0,0,0.794921851,3393,38,0.581581,0.837974,0.837378791,89
varshney2015,cdh23-T1,GGTCACAGTGACGATTCCTCTGG,danRer10,chr13:42785145-42785245:-,TGCAATAGTTGTCTCATAGTCCAGCGCTCTGGTCACAGTGACGATTCCTCTGGCTCCGTCAATAGAGAAGAACTGAGAGGGAGGCTGGAAGGAGAACAAG,61.54 ,1.268699536,,56,-0.10060738,29,31,5.61891,0,0,0.563311955,4206,51,-0.111822,0.495213,0.344786055,0
varshney2015,coch-T1,GGAATCATAGGTCTGTCTGGTGG,danRer10,chr17:28731133-28731233:-,TAACAAGGAAACGTTTGTCTTTCATCCAGAGGAATCATAGGTCTGTCTGGTGGACCAGTGGAGGTTCACGGACTGCAAGGGAGGACAAACTACCTCAGCT,33.33 ,0.126729461,,87,0.85914808,30,58,6.82888,1,1,0.657284279,4685,56,0.385475,0.79661,0.802945142,72
varshney2015,col11A2-T2,GGACAGAGCGCTGGAGAGAAAGG,danRer10,chr19:7279613-7279713:-,ACTCCTTTTCTGTTTTTGCAGTTCCGCTTTGGACAGAGCGCTGGAGAGAAAGGACCTGTTGCCTCTGCACAGGAAGCCCAAGCTCAAGCCATTCTGTCTC,44.64 ,0.584569998,,77,0.47384263,51,9,4.12328,0,0,0.531990347,4997,54,-0.001614,0.677454,0.735676643,0
varshney2015,crym-T1,GGACCACAGATCTCACAGGCTGG,danRer10,chr12:10410504-10410604:-,AATTTTCATACCCATTGTATGGCTGTATAGGGACCACAGATCTCACAGGCTGGATTATTTCTGAACTGTCCCTTTTAGAAAACTTTCCCATGACAGACTC,42.86 ,0.512513751,,67,0.16313262,19,13,4.02065,1,0,0.638602102,2747,69,0.118632,0.806323,0.83169354,0
varshney2015,crym-T2,GGGGTGAAAAAGTAAGACGGTGG,danRer10,chr12:10410738-10410838:-,GTGTCTCACCGCAGTGATGTGTCCTCGCTCGGGGTGAAAAAGTAAGACGGTGGCTTGAGTTGAAGGTAAACTGGAGCCCTCTGCACGCTGGTAGAAAGTT,0.00 ,-1.222503529,,87,0.84651162,67,43,3.84028,1,1,0.773079601,4365,68,1.415241,0.9646644,0.964042622,0
varshney2015,ctnnb1-T1,GGTCAACCTCATCAACTACCAGG,danRer10,chr16:6296193-6296293:-,TGAGCCCTCGCAGATGCTCAAACATGCCGTGGTCAACCTCATCAACTACCAGGACGACGCAGAGCTGGCCACTCGTGCCATTCCAGAGCTCACCAAACTA,1.43 ,-1.164615644,,39,-0.50385397,28,49,6.76898,0,0,0.645841548,3710,45,-0.216024,0.443022,0.283575591,0
varshney2015,ctnnb1-T2,GGCAGTCTGTCGTGATGGCGAGG,danRer10,chr16:6293354-6293454:+,TTTCCTGATTGCCGTATGCCAGAATCTGAAGGCAGTCTGTCGTGATGGCGAGGAATTTGACGTTTGTTTTGTTTAACAAGGCCACCATTTTCTGCAGGCC,0.00 ,-1.222503529,,65,0.12423367,65,10,4.57885,1,0,0.543121892,3472,56,0.291372,0.696352,0.654367573,0
varshney2015,cx30.3-T1,GGGAGCACTTTATGCTCAGCTGG,danRer10,chr9:21592061-21592161:+,GCTGAGAGCACCAGTAGACAGGATGAGTTGGGGAGCACTTTATGCTCAGCTGGGAGGAGTGAATAAACACTCCACCAGCTTGGGGAAGATCTGGCTGTCT,9.52 ,-0.837124049,,22,-0.94316323,24,4,4.77325,1,0,0.404757994,3989,75,-0.261251,0.486661,0.352141212,0
varshney2015,cx35.4-T1,GGTCATGGTTTATGTCGTAGCGG,danRer10,chr17:24833622-24833722:+,GATATGGCTCTCAGTGGTTTTTGTGTTCAGGGTCATGGTTTATGTCGTAGCGGCAGAAAGAGTTTGGGGTGATGAGCAGAAAGACTTTGACTGCAACACC,38.10 ,0.319824011,,70,0.25831055,61,63,4.19721,0,0,0.69545139,4205,58,0.312786,0.699004,0.718899212,62
varshney2015,cx35.4-T2,GGTAGAAGCTGTCGTAGATGTGG,danRer10,chr17:24833938-24834038:-,GCTGGACGTCACACTTCACCAGCCTTGGCAGGTAGAAGCTGTCGTAGATGTGGTGGAGGATGTACAGGAAGGTGATCTCAATGCCAGTCTTAGCAAAAAG,0.00 ,-1.222503529,,73,0.33538452,43,14,5.19552,0,0,0.646020926,5157,45,-0.008748,0.682433,0.66380636,0
varshney2015,dfna5-T1,GGAAGTGCTGTAGCAGAACTTGG,danRer10,chr16:21623311-21623411:+,TATAAAGGCAAAGTTATGGATACTAAAAGTGGAAGTGCTGTAGCAGAACTTGGGCCAGGGACCATTAATATAGGTGGCTCCGGATCCAGCAAACTGCAGT,4.76 ,-1.029813789,,31,-0.68973272,44,14,4.46769,0,0,0.491858415,3464,55,-0.095661,0.67501,0.750531567,0
varshney2015,dfna5-T2,GGAGGTGTTGGCGGTAGTGAAGG,danRer10,chr16:21623949-21624049:+,TCTGATCCAGCAGACACGGAACGCAAAGACGGAGGTGTTGGCGGTAGTGAAGGAACGAATCATTACCACTCAGCCCTGCACCATCACTGAGGAGGTTCAG,66.67 ,1.47636726,,59,-0.027990574,69,6,5.07451,0,0,0.581525286,3386,66,0.351245,0.865676,0.921896953,0
varshney2015,espn-T1,GGTTGCTCAAAAGTGAGGAGGGG,danRer10,chr8:46959748-46959848:+,CTCGATTCAGCCATCATGAGATCATCGATTGGTTGCTCAAAAGTGAGGAGGGGGATCCTACTGTTGCCACGGATACGGGGGCGTTGCCTGTTCATTATGC,0.00 ,-1.222503529,,90,0.99000882,39,55,7.89028,1,0,0.615688867,3797,59,0.940038,0.892228,0.905152403,72
varshney2015,espn-T2,GGATCTGGGCATACGGGATCAGG,danRer10,chr8:46997533-46997633:+,GTGCTGTCAAATTCTCGTGGTAAATGGAGTGGATCTGGGCATACGGGATCAGGATGGGTTCTCAGCAGCGGATCTAGCTGAATACAACGGGCATCAACAG,34.09 ,0.157495049,,39,-0.50199845,55,1,8.5902,1,0,0.479470497,5579,63,-0.206057,0.495013,0.471070386,0
varshney2015,espnl-T1,GGCTGCCAGGTTTGGCCATGCGG,danRer10,chr2:23110417-23110517:+,TGATGGCGAGGGGGCGACTGCTCTGCATCTGGCTGCCAGGTTTGGCCATGCGGAGGCAGTGCAGTGGCTGCTGTTTGAAGGTGGTAACACAGAGGCAGAG,87.80 ,2.331731588,,84,0.71633909,47,8,6.29248,1,0,0.578163644,5559,72,-0.373286,0.318145,0.284922402,0
varshney2015,espnl-T2,GGCTCCATTCTTATCCTGACAGG,danRer10,chr2:23118061-23118161:-,GCCCTCGCTAGCAGCAAAGTGTAGTGCTGTGGCTCCATTCTTATCCTGACAGGACAGATCCAGGTCTGTGAACGAGGCCTAAAGATCCATATCAGAGACA,47.62 ,0.70520349,,36,-0.57310596,41,7,8.94349,1,0,0.518238366,3358,60,-0.685186,0.27267,0.217890788,0
varshney2015,eya4-T1,GGTGGAGTCGTTTGCGAATAGGG,danRer10,chr23:31544644-31544744:+,AAAAACCTACCATAGGTGGAGAGGCCGTAGGGTGGAGTCGTTTGCGAATAGGGCGTGTAAACTGTTGACTGCTGCATGCTGCTGAACTGTGATTGGCCTG,41.46 ,0.455840298,,24,-0.88309909,73,13,5.26887,0,0,0.437903761,4462,52,-0.269784,0.265583,0.19937165,0
varshney2015,eya4-T2,GGCTGTCTGTCCGGGCTGAGGGG,danRer10,chr23:31543875-31543975:+,ATGTATACCTGGCATCTGATAGGGGGAGTAGGCTGTCTGTCCGGGCTGAGGGGTGGTAAATCCAGGACTGTAGCTGAGCCCTGACTGCAGGGTTGATTGG,84.62 ,2.203001888,,95,1.3633623,70,8,6.71014,1,0,0.557858461,6381,65,-0.368212,0.397842,0.38442764,56
varshney2015,fut8-T1,GGAAGGTGGAGAATGGTGTGAGG,danRer10,chr17:33918728-33918828:+,GCCCAGGAAAGGATCATGAAGAGTTAAGGAGGAAGGTGGAGAATGGTGTGAGGGAACTGTGGTATTTTGTGCGCAGCGAAGTGAAGAAACTGCCGCTGAT,35.71 ,0.223074331,,98,1.7381181,47,3,7.34565,1,0,0.575217878,6068,67,0.101737,0.69657,0.715340148,0
varshney2015,hif1ab-T1,GGTCATGTTCGTGTGCACGAGGG,danRer10,chr20:20437531-20437631:-,TTTTCCTTCTCTCAGGTTCTTCACTGCGCTGGTCATGTTCGTGTGCACGAGGGCAGCGAGGCTTCAGAAGACTCTGGCTTTAAAGAGCCCCCTGTCACTT,45.45 ,0.617359638,,87,0.83742247,52,76,8.65749,1,0,0.656584303,3796,63,0.835616,0.798738,0.81229579,82
varshney2015,hif1ab-T2,GGCTGTTGAGAAAGAAAGTGAGG,danRer10,chr20:20435019-20435119:-,GTCCTTGCAGCAGACCGTGACTGAGCCCAAGGCTGTTGAGAAAGAAAGTGAGGAGACTGAGGAAAAGACCTCTGAATTGGATATTCTCAAGCTCTTCAAG,14.55 ,-0.633504429,,94,1.2838077,39,39,3.86678,0,0,0.641489644,6143,48,0.203438,0.781261,0.869455335,0
varshney2015,hspa5-T1,GGGCGACTCTTCTGTGCAGCAGG,danRer10,chr5:2443665-2443765:+,TGATGCCAAGAGGCTGATCGGACGCACATGGGGCGACTCTTCTGTGCAGCAGGACATCAAATACTTCCCCTTTAAGGTACAATCACACATTTATCCTTGC,4.76 ,-1.029813789,,23,-0.90303097,49,5,4.69858,1,0,0.523878268,3085,63,-0.315633,0.423265,0.34944312,0
varshney2015,hspa5-T2,GGACGGAGAGAAAAACATCCTGG,danRer10,chr5:2444732-2444832:+,GGCTGCCATTGCATACGGTCTGGACAAGAGGGACGGAGAGAAAAACATCCTGGTGTTCGATCTGGGTGGTGGCACCTTTGACGTGTCTCTGCTGACCATC,31.82 ,0.065603094,,81,0.60837948,15,27,4.01128,0,0,0.586761335,3016,55,-0.02214,0.800261,0.845378318,0
varshney2015,ildr1a-T1,GGGCACTAATGAGGCGGTGCTGG,danRer10,chr1:48426-48526:-,GCGCACCATCCGGACAGTGGCTCAGAAACTGGGCACTAATGAGGCGGTGCTGGGGGCCGAATACCGGGACCGCAAGATCTACATCCAGAACAGTGCGTAT,33.00 ,0.113370718,,30,-0.72855038,35,1,5.00883,1,0,0.383178373,6388,60,-0.225445,0.619529,0.613639352,0
varshney2015,ildr1a-T2,GGCAGCAGCAGATGCAGAAGAGG,danRer10,chr1:47705-47805:+,CGTAACAGCAGCACTTCTGTGGGCAGCACTGGCAGCAGCAGATGCAGAAGAGGATGATGAGGAGCAGCGCACCGATGAGTATCAGGAGCACCGTCAGCCA,6.00 ,-0.979617302,,94,1.2452503,51,15,4.9763,0,0,0.576381907,6932,67,0.557122,0.776723,0.781960118,58
varshney2015,ildr1b-T1,GGCAGCTCTGAACATGAAGCAGG,danRer10,chr9:34458132-34458232:-,TATCTGGTTCTCTCTTTATTTAGCTTATCAGGCAGCTCTGAACATGAAGCAGGATCCAGCCAATGACTGTCCAGACAGCAAGCGCACAGTTCGCATAGTG,13.64 ,-0.670342173,,42,-0.42277973,33,44,3.8974,0,0,0.567574363,4495,60,0.124686,0.701886,0.744082754,0
varshney2015,junbb-T2,GGGTTACGGTCACAACGACGCGG,danRer10,chr3:7769813-7769913:-,GCCGTTTTACCACGACGACTCGTTTCTGTTGGGTTACGGTCACAACGACGCGGCTCTACACGACTACAAACTCCAGAAACCGGGCATGAACTTGAACGTG,9.30 ,-0.846029877,,93,1.1559725,58,36,4.77705,1,0,0.723675173,5176,54,0.820031,0.899341,0.914585005,78
varshney2015,Kars-T1,GGTCATGCTGATTCGCCTGAAGG,danRer10,chr7:67220135-67220235:-,CTTCACACCCAACTCCTTCTCCAGCTCTTGGGTCATGCTGATTCGCCTGAAGGGAGGGGTGAAGTCTATTTCGTAGGCCTGTCCCTCTGGACCATCAGGA,9.52 ,-0.837124049,,51,-0.21430072,25,51,4.96026,1,0,0.558638997,3445,68,0.232189,0.619036,0.581498984,63
varshney2015,krt15-T1,GGTAGATCTGAATCATGTGATGG,danRer10,chr11:11533514-11533614:-,AGTGAATGTAGAGGTGGATGCAGCTCCACAGGTAGATCTGAATCATGTGATGGCTGAGATCCGTGAGCAGTATGAGAATGTTGCTGCCAAAAACCAGCGT,40.00 ,0.396737983,,11,-1.3241393,51,72,3.67205,0,0,0.683936303,4917,53,0.552974,0.861582,0.893188613,65
varshney2015,krt15-T2,GGTGCTGGAGGAGGCTTCGGAGG,danRer10,chr11:11534438-11534538:-,GGTGGTGGAGGAGGTTTCGGGTTCGGTGGTGGTGCTGGAGGAGGCTTCGGAGGAGGTGATATGGACCTCAACGTGACCGTCAATGAGAAAGCAACCATGC,11.43 ,-0.759805267,,99,2.3909661,75,18,5.83604,1,1,0.541745624,5388,34,0.424775,0.85545,0.8734516,55
varshney2015,lhfpl5a-T1,GGCCTGTTCCACTACTGCATTGG,danRer10,chr11:2767353-2767453:-,AGCGTGGACACCCCCCAGTCTGGATACTTTGGCCTGTTCCACTACTGCATTGGGAATCCCATCACTGGAGAGCTGGTCTGTAAAGGCAGTGCTCTGGATT,0.00 ,-1.222503529,,6,-1.6209943,28,16,6.25201,0,0,0.441674447,3808,69,-0.205346,0.701917,0.738998866,0
varshney2015,lhfpl5a-T2,GGTAGATCTTGGCAGCCTCTTGG,danRer10,chr11:2767536-2767636:+,CGGCCCGCGCGTTCCTCACGTAGTTTGTGTGGTAGATCTTGGCAGCCTCTTGGGCAGATAGCATTTTCGCCATGTTTGCTGGAGATGATGGTCCACCCCG,33.33 ,0.126729461,,27,-0.80396532,27,9,4.69977,1,0,0.409612124,4011,52,-0.521409,0.463897,0.385795694,0
varshney2015,loxhd1a-T1,GGTAAGCTGTTCCTGGAAGGCGG,danRer10,chr21:5114888-5114988:+,ATGCACGGCCATAAAGGCAACAAGAACAGTGGTAAGCTGTTCCTGGAAGGCGGCACGTTTGAGCGCGCTCAGATCGACATCTTCAATGTGGAGCTGCTGG,68.18 ,1.537493627,,95,1.3373884,64,58,7.33382,1,1,0.678782074,3311,57,0.801452,0.822609,0.859857875,80
varshney2015,loxhd1a-T2,GGGCCGTGAGTTAGTGCCTGTGG,danRer10,chr21:5149366-5149466:+,GTTGGCTGTAGATGAAGATGATGGGCAGCTGGGCCGTGAGTTAGTGCCTGTGGACGAGGCTTTCATGAAGAGAGATGAAGATGAAGAGGAGGAGTCTGGG,38.10 ,0.319824011,,76,0.42836196,68,10,4.24437,1,0,0.650750182,4424,60,-0.201796,0.686762,0.694700305,0
varshney2015,loxhd1b-T1,GGATGTGAGCGGCAGCGGGACGG,danRer10,chr8:713744-713844:-,GGTGAAGTATCGAGTGACCGTCTACACAGGGGATGTGAGCGGCAGCGGGACGGATGCGCATGTGTTTCTGTGTCTGATCGGGGATCTGGGCGACACTGGT,21.43 ,-0.354994889,,91,1.0289903,60,56,7.15558,1,0,0.562211177,4543,82,0.501561,0.88036,0.903765446,67
varshney2015,loxhd1b-T2,GGCTGATGGGAAGACGGAGGTGG,danRer10,chr8:703514-703614:-,CCCTAGTCACCGCTGGCTGTGTGAGGATGAGGCTGATGGGAAGACGGAGGTGGAGATTTACCCCAGCGAAACACTGGACTTTGAGCTATGTAAACACTCA,33.33 ,0.126729461,,83,0.66422782,62,5,6.33725,1,1,0.563476477,5525,52,0.438628,0.873619,0.91750683,0
varshney2015,man1a1-T1,GGAGACAGGCCGCAGCTCGTTGG,danRer10,chr20:41170368-41170468:-,ACCAAACAAATTGCTGGAGTGGCCTTGCTTGGAGACAGGCCGCAGCTCGTTGGATCCCCAGGCGTAGTGCTTGTAATTGTCCCAAGCAAACTGCATCATC,63.27 ,1.338731732,,86,0.80477704,43,9,7.15515,1,0,0.528597372,4313,61,-0.147226,0.751877,0.688779595,0
varshney2015,man1a1-T2,GGTCGGCAGAAACTGGCCATGGG,danRer10,chr20:41299139-41299239:+,TCTCTTTCTCTCTTTCTTTTCCTTTAGTGGGGTCGGCAGAAACTGGCCATGGGCATCAGGAGGAAGCAGCATTCTGGCCGAATACGGGACGCTGCATTTG,42.86 ,0.512513751,,88,0.89331195,71,26,8.40474,1,0,0.590339672,5799,63,0.693239,0.797904,0.854232835,0
varshney2015,man1b1-T1,GGTCTCAGGCCCATTCCTCCTGG,danRer10,chr21:14143237-14143337:-,AAGGAGGATTGGGATGAAGTGGATAATCGGGGTCTCAGGCCCATTCCTCCTGGCCTCATCCCAAAGCTGTCTGCAGGAGTTGGTGTTCAAGACGTCCAAC,11.76 ,-0.746446524,,55,-0.13307766,3,4,9.2854,1,0,0.485091739,5796,74,-0.173942,0.534315,0.528119397,0
varshney2015,man1b1-T2,GGAAGAGAGTGTCGCCACTCAGG,danRer10,chr21:14132056-14132156:+,AAAGATATGAAGTGCTTACAGCTTTATCCAGGAAGAGAGTGTCGCCACTCAGGTGATATGTGCTCAAGAGACCTCCTAAAATGCGAATGGTGCTCTCAAA,23.53 ,-0.26998471,,69,0.23452113,67,9,5.65297,1,0,0.621534289,3910,52,-0.367273,0.520184,0.421963739,0
varshney2015,man2a-T1,GGTAGAGAACGGTCAGCTGGAGG,danRer10,chr5:56463679-56463779:-,TCTCTCTCCCTCTCTGTCTCTGTGCAGGCTGGTAGAGAACGGTCAGCTGGAGGTGGCTACAGGAGGCTGGGTGATGCCAGATGAAGCCAACGCGCACTAC,28.57 ,-0.065960279,,86,0.80102375,66,25,6.71069,1,1,0.673598262,6672,59,0.825976,0.795391,0.757252192,74
varshney2015,man2a-T2,GGACAGCTAATTCTTCCTCCTGG,danRer10,chr5:56437982-56438082:+,TCTGTGATGGCCTGAGGAGGAATTCTCCATGGACAGCTAATTCTTCCTCCTGGCAGCCTTTTAAAATCAAACTGGCAGCAAATCTTGGGGTCAGGACCAC,64.29 ,1.38002239,,37,-0.53618142,20,38,5.75443,1,0,0.53417882,3684,69,-0.066763,0.657392,0.678694872,0
varshney2015,man2b-T1,GGTTCTGCTGTCTCCACCAGCGG,danRer10,chr11:31011875-31011975:+,CCAGCTGGGTCACAATGCGGCGTGTGTTCTGGTTCTGCTGTCTCCACCAGCGGTAAAAGAAGGCCGTCTCAACATAGATAAAGCGTCGAGCTGGATCCTT,12.50 ,-0.716490556,,80,0.58100168,74,70,5.0539,1,0,0.693640377,2868,61,0.630087,0.77039,0.705644421,84
varshney2015,man2b-T2,GGCTATGACGGCTTCTTCTTTGG,danRer10,chr11:31010187-31010287:-,GATGGCTCTGCTCTGATTTGTTTATAGATGGGCTATGACGGCTTCTTCTTTGGCCGCTTGGACTACCAGGACAAGGACCGCAGGATGAAGACCAAAGAGA,32.14 ,0.078557026,,24,-0.87487407,28,7,6.12905,0,0,0.219287836,3955,29,-0.544562,0.224629,0.113748108,0
varshney2015,marveld2a-T2,GGTTTAGGAGTGTGTCCCGCTGG,danRer10,chr10:2928673-2928773:+,ACTCACGCAACATAATCCGGCATGATCACAGGTTTAGGAGTGTGTCCCGCTGGAATGTGTCCTTTCACAACTTTAGGATTGGAGACGGCAGTGTGTGTTT,33.33 ,0.126729461,,53,-0.17672268,33,27,4.11142,1,0,0.595305002,3512,55,-0.088147,0.732354,0.750264848,0
varshney2015,marveld2b-T1,GGCCCAATGCAGGATTTTGTCGG,danRer10,chr5:25606899-25606999:+,GTCTCTGCTATTATCAACAATTCACTGTTGGGCCCAATGCAGGATTTTGTCGGACTGAAGCTGGACAGAACGCTGCCATCATTTTTCTCTTTGTAAACAT,11.90 ,-0.740779179,,13,-1.2371278,30,34,7.89815,0,0,0.459449326,3439,54,-0.561265,0.424329,0.353960104,0
varshney2015,marveld2b-T2,GGTTTGGGGATGTGGCCAGCAGG,danRer10,chr5:25607363-25607463:-,ACTCACGCCACATAATCTGCAATGACCAAAGGTTTGGGGATGTGGCCAGCAGGGATGTGACCCCTCAAAATCTCCGGTTCCATCATAGCTGGATGATCAG,0.00 ,-1.222503529,,73,0.33783036,43,1,5.79182,1,0,0.442227609,4893,56,0.040933,0.578244,0.507924132,0
varshney2015,MSrb3-T1,GGTGTAGTCAGTATTAGGAGTGG,danRer10,chr4:12910385-12910485:+,GCTACACTGTTTACAGTACCTAGCGCAGCGGGTGTAGTCAGTATTAGGAGTGGTCGTGTGGTCTTATGGGAGCGCATGCATTGGAGCAGGGCCATGGATG,50.00 ,0.80154836,,59,-0.014694523,40,67,7.05833,0,0,0.727019296,4743,66,0.683171,0.9135249,0.931964108,71
varshney2015,myh9a-T1,GGTACTTATTGTAGTCCTCTAGG,danRer10,chr6:7602991-7603091:+,GGATAGTTACATTTCCATTTGACAGGAAACGGTACTTATTGTAGTCCTCTAGGCACAGCTCAGCTGTAGAGTACAAAACAAACTTGAAAACGTTCTGTAT,61.29 ,1.258579277,,38,-0.51784389,13,5,4.52294,0,0,0.564466052,3289,53,-0.472811,0.449644,0.455791555,0
varshney2015,myh9a-T2,GGGTCGTGATTTTGTTCAGAAGG,danRer10,chr6:7601740-7601840:-,TCGTGCCATTCTCTCGCCACGCATCAAAGTGGGTCGTGATTTTGTTCAGAAGGCTCAGACTCAAGAACAAGCTGAGTTTGCGGTTGAGGCCTTGGCCAAA,0.00 ,-1.222503529,,37,-0.5334139,29,9,3.65368,0,0,0.532172493,3541,46,0.085171,0.601748,0.563351933,0
varshney2015,myh9b-T2,GGAGCAGGCCGAGTTTGCAGTGG,danRer10,chr3:5253906-5254006:-,CCGGGACTACGTGCAGAAGGCGCAGACACAGGAGCAGGCCGAGTTTGCAGTGGAGGCTCTGGCCAAAGCCACATACGAGAGGATGTTTCGCTGGCTGGTG,6.67 ,-0.952495007,,93,1.1967073,44,53,8.77663,0,0,0.598544012,5135,46,0.870215,0.9446467,0.946437399,55
varshney2015,myo15aa-T1,GGTGGCACCTCAAGAGATTCAGG,danRer10,chr3:39990895-39990995:-,ATTACAAAGGCCTGTATCTCCTCAGTCTATGGTGGCACCTCAAGAGATTCAGGCAATGGGTCAGAGTTCTCCTACAATGCTCTCTAATGCATTGCAAAAC,4.76 ,-1.029813789,,31,-0.69977122,33,6,4.73537,0,0,0.384861392,4125,43,-0.274237,0.488158,0.55903654,0
varshney2015,myo15aa-T2,GGACCCTGAAGATACCGCTCTGG,danRer10,chr3:39980104-39980204:+,AGACATTTCCTAAGTGGAGGATGGAAGACAGGACCCTGAAGATACCGCTCTGGTCTTCGGCACTGAAGTGAAGTATTTCCATGGCGCTGAGGAGCCTGCG,50.00 ,0.80154836,,72,0.32838037,28,22,3.79228,1,0,0.621552533,3540,65,-0.183513,0.770877,0.80791306,0
varshney2015,myo3a-T1,GGAATCACAGCCATAGAGCTAGG,danRer10,chr24:6196513-6196613:-,TATGATGAACGCTGTGATGTTTGGTCATTGGGAATCACAGCCATAGAGCTAGGTGATGGAGACCCGCCTCTCGCTGAACTCCATCCAATGAGAGCTCTCT,0.00 ,-1.222503529,,52,-0.19085926,35,33,5.32893,0,0,0.622619213,4189,60,-0.040265,0.706561,0.71962932,0
varshney2015,myo6a-T1,GGCCATGAAGAAGATCGGTCTGG,danRer10,chr20:729034-729134:+,CGATCACGCAGACTTCAACCGCATGTCAGTGGCCATGAAGAAGATCGGTCTGGATGACACAGAGAAGCTCAATCTGTTCCGGGTGGTGGCGGGGGTTTTA,27.59 ,-0.105631696,,65,0.12555138,32,19,4.68405,1,0,0.529989761,4480,63,-0.334698,0.602226,0.593071531,0
varshney2015,myo6a-T2,GGATCAAGTCTTCCCTGCTGAGG,danRer10,chr20:718070-718170:+,CTTTGCTTTCCAGAACTTCCAAGCTCCCGTGGATCAAGTCTTCCCTGCTGAGGATGATGTCAACAAACATGTCGAGGACAACTGTAAGTGTGTTTGAGAT,14.29 ,-0.644029499,,72,0.32161238,48,30,6.41325,1,0,0.613316789,3070,30,0.224637,0.802985,0.786692965,0
varshney2015,myo7aa-T1,GGAAGACATGATCCGGCTGGGGG,danRer10,chr18:3113097-3113197:+,GCCGATGCACCCGACCTCCATTCACGGTGTGGAAGACATGATCCGGCTGGGGGATCTGAACGAGGCGGGAATCCTCCGAAATCTGCTCATCCGATACAGA,82.35 ,2.111109932,,90,0.97989143,75,25,5.69535,1,1,0.659554998,6100,54,0.43259,0.824921,0.847606916,54
varshney2015,myo7aa-T2,GGTGCTCATGTTCACAGATAAGG,danRer10,chr18:3122669-3122769:+,GGAATACTCTAACATCAGATCAGCCATGAAGGTGCTCATGTTCACAGATAAGGAGAACTGGGAGATCTCCAAGCTGCTGGCTGCTATTCTGCACATGGGC,0.00 ,-1.222503529,,68,0.20283645,56,3,4.98984,0,0,0.553655056,3828,54,-0.15399,0.603906,0.549082517,0
varshney2015,pcdh15b-T2,GGGGCTGTTGACATCGATGATGG,danRer10,chr12:6772427-6772527:-,ACCATCTTCTCAGGTTTTACAGGGAACAACGGGGCTGTTGACATCGATGATGGTCCTAATGGACAGATTGAATACACTATTCAGTACAACCCTAGAGATC,53.57 ,0.946065665,,50,-0.25183289,61,9,6.79626,0,0,0.566100049,4636,51,0.087832,0.809109,0.851881727,0
varshney2015,pou4f3-T1,GGCCCGCGCTGAAGCTCTGGCGG,danRer10,chr9:54791149-54791249:+,TATATTCAGCGGCTTTGATGAGAGTCTGCTGGCCCGCGCTGAAGCTCTGGCGGCGGCTGACATCGTGTCTCACGGCAAGAGTCACCCTTTCAAGACGGAC,87.18 ,2.306633345,,96,1.4503658,49,15,4.73876,1,1,0.567333683,5663,50,0.491948,0.791677,0.823755791,69
varshney2015,pou4f3-T2,GGGTTTGGTTCTGTAATCAACGG,danRer10,chr9:54791946-54792046:+,AGAAGTTGGATCTAAAGAAGAACGTGGTTCGGGTTTGGTTCTGTAATCAACGGCAAAAACAGAAAAGGATGAAGTATTCAGCAGTGCACTAATACTGTTA,30.00 ,-0.008072395,,41,-0.43804124,86,55,6.81762,0,0,0.613013641,3950,56,0.553995,0.693176,0.686630961,60
varshney2015,prdx2-T1,GGAGTCCTGAAGGAGGACGAGGG,danRer10,chr1:51092190-51092290:+,GACCTGACACAGTCTATCTCCCGTGATTACGGAGTCCTGAAGGAGGACGAGGGCATCGCCTACAGGTTTGTGATTTTATGATGACATTTGCTCTGCTTCA,73.68 ,1.760139335,,87,0.81985457,64,54,6.26797,1,0,0.700725254,3710,58,0.893078,0.9146268,0.935822919,68
varshney2015,prdx2-T2,GATCATTGCGTTCAGCGAGCGGG,danRer10,chr1:51089039-51089139:+,TCTTGATTTCACCTTTGTGTGTCCCACCGAGATCATTGCGTTCAGCGAGCGGGCAGCAGAGTTTCGTAAAATCGGTGTGGAGCTCATCGCTGCCTCCACA,57.89 ,1.120943748,,62,0.042598695,41,37,4.03956,1,0,0.519708555,4701,71,0.184673,0.551524,0.368240835,0
varshney2015,prdx3-T1,GGCTCCAGCGGTCACTCAAGCGG,danRer10,chr13:9512578-9512678:+,GTGTTTGTAAATACCAGGCGCTGCCAGATGGGCTCCAGCGGTCACTCAAGCGGCCCCTCACTTCAAGGGCACTGCTGTTATCAATGGAGAGTTCAAGGAG,46.15 ,0.645696365,,90,0.99161677,38,36,5.40001,0,0,0.611762865,4799,49,0.418905,0.536426,0.415951768,80
varshney2015,prdx3-T2,GGGTGTTGGTCCAGGCCAGGTGG,danRer10,chr13:9515988-9516088:-,TGCAAAAGTGAAGAAGTAAAACCTTTCTCGGGGTGTTGGTCCAGGCCAGGTGGGTGAAGTGAGAGTCCACAGACACACCAACGACTGCACAGTTTACATC,54.00 ,0.963472511,,95,1.3711438,71,11,5.57113,1,1,0.519602999,5569,63,0.22313,0.718341,0.710402826,67
varshney2015,prdx4-T1,GGTTTTCTTCTTCTACCCTCTGG,danRer10,chr5:3966597-3966697:+,GAAACTGTCAGATTACAAAGGAAAATACCTGGTTTTCTTCTTCTACCCTCTGGACTTGTGAGCATGCTATTATTAATTTACTCAAGTCATATTTATACAT,5.88 ,-0.984475026,,32,-0.67203943,32,20,8.33096,1,0,0.461720865,3176,43,-0.357847,0.545462,0.479305713,0
varshney2015,prps1a-T1,GGATGCCGATGCAATCTTACAGG,danRer10,chr5:22633812-22633912:-,GGGGAAGCAAGGAATGACCGCGGTGACTCTGGATGCCGATGCAATCTTACAGGCATTGATCATGATCAGCAGCTCCATAAGATTGTCGTTGATTTCGCCA,13.95 ,-0.657793052,,68,0.20892015,28,42,5.08004,0,0,0.388394485,3798,54,-0.463425,0.358183,0.252358937,0
varshney2015,prps1a-T2,GGCTCCAATCTCAGCCAAGCTGG,danRer10,chr5:22634183-22634283:+,TTATGAGTGAGAGCTTTGTCTTTAGAGCCGGGCTCCAATCTCAGCCAAGCTGGTGGCCAACATGCTGTCTGTAGCCGGAGCAGACCACATCATCACCATG,10.64 ,-0.791785287,,65,0.13628331,31,4,6.25256,1,0,0.557087327,3780,59,-0.54136,0.502782,0.432718101,0
varshney2015,prps1b-T1,GGCACCGATTTCTGCTAAGTTGG,danRer10,chr14:11789412-11789512:-,ATTTGTTTTGTTTGTTTTTTTGCAGAGTCGGGCACCGATTTCTGCTAAGTTGGTGGCAAATATGCTGTCGGTCTCTGGTGCTGACCACATTATAACCATG,0.00 ,-1.222503529,,28,-0.76923773,41,3,4.32483,0,0,0.489102232,3973,58,-0.554344,0.349646,0.216940179,0
varshney2015,ptprn2-T1,GGTCAGTGTCTGAGGTATCCAGG,danRer10,chr7:40021703-40021803:+,TTATGCATTTGCTCTGCAGATGCGGTGTTTGGTCAGTGTCTGAGGTATCCAGGGTCAGATGTGAGCTCTTTCGATGTGTCTCCAGCAGCGGTGCAGCGTT,2.17 ,-1.134659677,,29,-0.74556495,17,3,5.75773,0,0,0.435985733,5360,72,-0.600129,0.364326,0.30263498,0
varshney2015,ptprn2-T2,GGAGGTTGTCTGGAAGCTCCAGG,danRer10,chr7:40047468-40047568:-,TTGAGCAACAATTTTTCGATTTGGGGCTTTGGAGGTTGTCTGGAAGCTCCAGGCAGTTTTTCTATTTTGGTAGCAGGAGTGCGCTGGAGGCTGAAGTAAT,43.48 ,0.537611994,,27,-0.79832422,53,11,6.75881,1,0,0.525491646,4648,55,-0.093557,0.628117,0.697665721,0
varshney2015,ptprna-T1,GGTACGGTTTGCATCCGGAGCGG,danRer10,chr9:7591286-7591386:-,TTTACTTGTAGGTATGAGTAAGGGTCCACCGGTACGGTTTGCATCCGGAGCGGGGAGGACTGGTGCGGGTCTAAAACCATGTAATCCACATAGCTCTGAG,37.14 ,0.280962215,,94,1.2721729,61,31,7.1528,1,0,0.663007713,5764,65,0.717803,0.892108,0.934206538,58
varshney2015,ptprna-T2,GGCAGTCTTTTGAAGGGTTTCGG,danRer10,chr9:7595612-7595712:+,TGTGTTGTAGATGACACTCTTACACAGCTGGGCAGTCTTTTGAAGGGTTTCGGTGTGGATCCACGAGACCTGAGTCCTCAGCAGATAAAAAGACTGACTC,58.33 ,1.138755405,,6,-1.6226127,78,9,4.85604,0,0,0.263538276,3971,56,-0.771784,0.292313,0.296752027,0
varshney2015,ptprnb-T1,GGAGGCTCTGTGCTCCTACCAGG,danRer10,chr6:13840501-13840601:+,GAAGAATAAAGACCGCTTGCTTAAAGAGTGGGAGGCTCTGTGCTCCTACCAGGCAGAACCCAGCACCATCTCAGCAGCTCAGAGTGAAAGTAACATCAAG,30.61 ,0.016621038,,33,-0.63100159,69,14,6.22968,1,0,0.528992604,4179,61,-0.309729,0.505654,0.527350241,0
varshney2015,ptprq-T1,GGTGAACGGGTCGGTTCCACCGG,danRer10,chr18:6186732-6186832:+,GCAGTACCAGCGGCCCCCTCTAAACCTGAAGGTGAACGGGTCGGTTCCACCGGCATCCTGCTGTCCTGGCGGATGCCGATGCCTCTCGACCCCTCCATTC,35.71 ,0.223074331,,54,-0.14852098,78,3,6.20427,0,0,0.514970107,3980,66,0.010612,0.585418,0.528314906,0
varshney2015,ptprq-T2,GGATGGGCTCGGAGTCCCACGGG,danRer10,chr18:6196437-6196537:-,CAACACAGCAGATGTCAACTGGGAAGTCTGGGATGGGCTCGGAGTCCCACGGGATAAAATATCTGCAGCATCCTAAATTCACATTAAACACAACAATTAA,0.00 ,-1.222503529,,54,-0.13738895,69,46,6.3696,1,0,0.557854122,3923,71,0.150992,0.763345,0.748467792,0
varshney2015,sesn1-T1,GGTTGACCAGATACGTGCACTGG,danRer10,chr20:32323064-32323164:-,CTCCGACCTGCAGGAAGTCATTCACGTGCAGGTTGACCAGATACGTGCACTGGTGCCTAGCAGCAGCCTGTTGAACACAGACACAAGCATTTAGAACAAG,20.00 ,-0.412882773,,16,-1.129494,43,45,5.66002,1,0,0.665127629,4571,82,0.185441,0.732097,0.77650675,0
varshney2015,slc26a4-T1,GGAGGACACATTGATGGAGGTGG,danRer10,chr4:18795736-18795836:+,GAACATGACTGATGTGAATGAGACGATGGTGGAGGACACATTGATGGAGGTGGATGTAGAGGCCAGAGAAGCTCAGAGAGTCATGGTGGCTTGTACTATG,8.51 ,-0.878009897,,73,0.33509887,70,23,5.40648,1,1,0.547942275,6377,50,0.538635,0.9010857,0.906995093,0
varshney2015,slc26a4-T2,GGCGTCAGCAACATTTTCGGAGG,danRer10,chr4:18799713-18799813:+,TTTTATTTTTATTAGGAACTTATAGCTTTTGGCGTCAGCAACATTTTCGGAGGATGTTTCTCAAGCTTTGTGGCCAGCACTGCTCTGTCACGGACAGCAG,0.00 ,-1.222503529,,91,1.0727047,47,60,6.59197,0,1,0.603322687,4138,55,0.560568,0.887847,0.882073057,0
varshney2015,slc26a5-T1,GGCCCGTGATTCCAGAAGAGTGG,danRer10,chr4:14946779-14946879:-,GACCAATTCTTCACTGGTTGTGAATATTGAGGCCCGTGATTCCAGAAGAGTGGAGGTGGTTGTAGCTCTGACAACTCTAGTAGGAATCATCCAGGTGCGT,27.72 ,-0.100369161,,96,1.3801447,40,30,3.9011,0,0,0.632727782,4106,69,-0.022847,0.758585,0.810342078,71
varshney2015,slc26a5-T2,GGCGTCCCTACTTGTGCTACTGG,danRer10,chr4:14941625-14941725:-,TTGTGTGTGTCTGTAGATTGCAGGTCTCTTGGCGTCCCTACTTGTGCTACTGGTGGTGGTGGCCATTGGATTTGTCTTTCAGCCATTACCCACGGTATGT,7.07 ,-0.936302591,,1,-2.1610092,24,1,4.64981,0,0,0.492782097,4541,52,-0.662622,0.361344,0.319488573,0
varshney2015,smpx-T1,GGGGCTCTGCGTCCTGGAGCGGG,danRer10,chr24:25340296-25340396:+,GTCTCGAAGGCCAACCTTAATATCCCGATGGGGGCTCTGCGTCCTGGAGCGGGACATCCTGTGAAGAGGAGAGAAGATACAGTAGAAACAGAAGAGGTCA,23.08 ,-0.288201177,,25,-0.85585964,51,3,7.56948,1,0,0.427916175,4727,58,0.183757,0.756123,0.787325444,0
varshney2015,smpx-T2,GGCAGAGGCTTCTTCTCTTCTGG,danRer10,chr24:25345650-25345750:-,ACAGCGGGACCAGGGAGTTTCACAGCTCCAGGCAGAGGCTTCTTCTCTTCTGGAGTGACTGGAGACACCTGTGAAACCAATAACATCAATACAGATTACT,11.32 ,-0.764258181,,8,-1.443748,43,3,6.80597,0,0,0.211863128,2895,37,-0.782804,0.177112,0.085339975,0
varshney2015,tectaT1,GGTGAGTCAGTTCACTCCAGAGG,danRer10,chr5:62537173-62537273:-,CAACAATGGCGTAATCTCCTTCAACATTCAGGTGAGTCAGTTCACTCCAGAGGCTTTCCCCCTCAGTGACAGCCGCTCCTTCATTGCTCCTTTATGGGCT,52.38 ,0.89789323,,80,0.5726205,66,54,4.56075,1,0,0.637266275,4672,67,0.638485,0.833331,0.819477592,83
varshney2015,tectaT2,GGCAGATGACCTCATTATCCAGG,danRer10,chr5:62536178-62536278:+,AGGTCTCTAACTGACCACATGGTGTTTCATGGCAGATGACCTCATTATCCAGGTCAAGACACCTACATCGTTGAGTACACTGGTCTGACAGCCAGAAAAC,4.76 ,-1.029813789,,17,-1.0923412,22,4,5.29284,0,0,0.569281299,3437,68,-0.361893,0.387611,0.291847637,0
varshney2015,tjp2A-T1,GGTTGTGTTCGCTGCGAAAGCGG,danRer10,chr10:15880819-15880919:+,ATTGTGTGTCTGGACTTCGCTCTCGGTCCAGGTTGTGTTCGCTGCGAAAGCGGCGACCTCGCTCTGGGCTGTAGTTGCGGTCCAGCGTGCGTTCACTTCG,12.12 ,-0.731873351,,73,0.34539028,60,19,7.32452,0,0,0.684826389,4925,40,0.473935,0.512168,0.486252219,56
varshney2015,tjp2A-T2,GGACAGTCCTGCCGAGGTGGAGG,danRer10,chr10:15871737-15871837:-,TGTGGGCATTTTCATCGCCGGCGTTCAAGAGGACAGTCCTGCCGAGGTGGAGGGTCTGCGCACTGGAGACCAAATAGTCAAGGTCAGGATTGCACGCTGC,100.00 ,2.825600249,,66,0.14325902,54,17,3.50228,1,1,0.47062125,5233,60,0.481048,0.854276,0.804720193,0
varshney2015,tjp2b-T1,GGAAGCTATAGCCGGGACCAGGG,danRer10,chr8:11445494-11445594:+,AGCAGAGGCCGCGGTGGAGGAAGCCCTGCTGGAAGCTATAGCCGGGACCAGGGCTACGACACGCGGAGGTATGACACGCAGGACAGGATGATCAGGAGTC,42.86 ,0.512513751,,88,0.88744467,55,33,3.98848,1,0,0.650432717,5472,58,0.331261,0.722463,0.667282895,0
varshney2015,tjp2b-T2,GGAGGAGAGAGTAGAACCACAGG,danRer10,chr8:11466414-11466514:+,CAAAACTGTAGAGGAGCCACATCCAGCTCAGGAGGAGAGAGTAGAACCACAGGATGAAGAGCCACCACCACCGCCACCACCACCACGTATGAACGTCATT,45.00 ,0.599143171,,64,0.087101418,75,30,5.96099,0,0,0.628429018,5925,36,0.591736,0.852704,0.890183025,0
varshney2015,tks5a-T1,GGTGCTGGAGCAGTACGTGGTGG,danRer10,chr1:46957120-46957220:+,GCCGGCAGGACTGGACAGCAGTGAGCCCATGGTGCTGGAGCAGTACGTGGTGGTGGCCAACTACGAGAGGCAGGAAAACTCGGAGATCAGTCTGAAGGCT,56.25 ,1.054554846,,98,1.7360134,77,35,6.73428,1,1,0.735667938,5015,32,0.952595,0.9341781,0.946364603,80
varshney2015,tks5a-T2,GGAGATGTGGCGCTCAGGGGTGG,danRer10,chr1:46988390-46988490:-,ATATGGCATTGGTAAACTTATTTCACTTTTGGAGATGTGGCGCTCAGGGGTGGTGGCTTCTCCGTCAGTCTGAATGTCCTTCTCACTTACGGCCTTCTTG,45.00 ,0.599143171,,90,0.96603058,74,13,6.83712,1,1,0.518790303,5408,59,0.935057,0.9492002,0.961843384,0
varshney2015,tmc1-T1,GGAAGTTGGCCAGCACTCTGAGG,danRer10,chr5:25061046-25061146:+,ACCCGCTCCCTGCCAGACAGCAGAGCACCAGGAAGTTGGCCAGCACTCTGAGGAATCTTGTCAGGTGGATGTTGTCATCTTTTCTGCTCTCTTGCTCCTC,39.29 ,0.367996446,,98,1.7977769,51,16,7.09641,0,0,0.692706447,3947,49,0.236074,0.735604,0.660559522,0
varshney2015,tmc1-T2,GGCAGGCCAACTTGTACAATGGG,danRer10,chr5:25060456-25060556:-,AGGAGATTGTGAAGAAGAATATGACAATCTGGCAGGCCAACTTGTACAATGGGACTGTGCCAGACAACTCGACTGCTCCTCCGCTCACTGTGCACCCTGC,8.33 ,-0.885296484,,21,-0.96073312,34,11,4.27738,0,0,0.481536882,3993,66,-0.096641,0.472564,0.46669447,0
varshney2015,tmie-T1,GGCTTTTTCGGAGGGTCTGTTGG,danRer10,chr2:1906110-1906210:-,AACACCACTGTTTCTGAGGTGACGGGGTCTGGCTTTTTCGGAGGGTCTGTTGGCAGGAGCTATGAGATAAGAGAGAGAGAGAGAAAGAGAGAGAATTATT,37.50 ,0.295535388,,29,-0.72892063,21,26,4.90341,0,0,0.460204111,4238,52,-0.410338,0.440189,0.436669435,0
varshney2015,tmie-T2,GGAAACCTCAGCACTCCTGACGG,danRer10,chr2:1913362-1913462:+,ATGTCTCTTGTGTGTCGATTCAGCTCTCGTGGAAACCTCAGCACTCCTGACGGTCTCAGAGCAGGTACAGGCTCACGCTAGCGGACAACTTCCTGCTGTC,33.93 ,0.151018083,,82,0.6489757,21,88,4.07101,0,0,0.663057502,4401,61,0.247985,0.835336,0.855751981,70
varshney2015,tmprss3a-T1,GGTTTCTGTTAGAGGCTCTTTGG,danRer10,chr9:19772580-19772680:+,TGGCAATGACAGGCTGGGTTGTGTTGAGTGGGTTTCTGTTAGAGGCTCTTTGGAAGGTACTTCAGATGTGGGTTGGACTTCTGGGACAGGACTGGCACTT,9.80 ,-0.825789358,,36,-0.5573727,42,10,5.37603,0,0,0.383511413,5163,60,-1.047572,0.376174,0.38348786,0
varshney2015,tmprss3a-T2,GGGCATTTTGACTGTGAACATGG,danRer10,chr9:19766515-19766615:-,AGGTGTATTAGCATCTTAGCACAGTGCGATGGGCATTTTGACTGTGAACATGGAGAAGATGAGCTCAGTTGTGGTAAGCACAAAGTACATTTTCATTAGC,14.00 ,-0.655769,,19,-1.0196834,43,7,3.34392,0,0,0.518652937,4817,44,-0.384791,0.474189,0.42644251,0
varshney2015,ushc1-T1,GGTCTGATGGCATCAAACAAAGG,danRer10,chr25:22555509-22555609:-,TACTGCACTTGGTGCTTCAGAGGAATCAAGGGTCTGATGGCATCAAACAAAGGAAGGCGTTTGGGCTCATTTATTACCAGCTTCAGGTCACCAACAAGGA,63.27 ,1.338731732,,81,0.59105856,46,46,4.05458,0,0,0.6523097,3652,65,0.761296,0.853771,0.883171778,78
varshney2015,ushc1-T2,GGTTGAAGCTCGACATGAGCTGG,danRer10,chr25:22574505-22574605:+,GCTGTTTATGACGGATGAGGAGCGGTTGGCGGTTGAAGCTCGACATGAGCTGGACAGACAGGAGTTAATGCATCAGAAGAAAGTGGCATTAGAGACCAAC,0.00 ,-1.222503529,,22,-0.92340571,13,10,4.1952,0,0,0.516112867,4953,53,0.339704,0.720176,0.692479429,0
varshney2015,wfs1b-T1,GGAGGAAACGCTGATTGTCCTGG,danRer10,chr14:17027255-17027355:-,TAGTAAGTGTGAGGTGAATCTGTACCCTGAGGAGGAAACGCTGATTGTCCTGGAAAGGCAGTGCTGGAATTGCTGGCTGCGTTCAGCTGGGATCGACCCA,35.44 ,0.21214445,,11,-1.3062969,33,2,5.02927,0,0,0.524311403,4398,67,-0.166837,0.701895,0.743993327,0
varshney2015,wfs1b-T2,GGTATTTCACCATCCATGGAAGG,danRer10,chr14:17036865-17036965:+,TTTGTTGAGAATACCAAACAATACGCTGAGGGTATTTCACCATCCATGGAAGGGGTAGCAGGGGATGATGATGACGATGATGAAGAGCCAGTAAAACATC,0.00 ,-1.222503529,,69,0.24154995,29,11,5.50328,0,0,0.586565752,5025,59,0.062712,0.757808,0.820623331,0
