dataset,guide,seq,db,position,longSeq100Bp,modFreq,Normalized,17.79009009,chariRank,chariRaw,crisprScan,doench,drsc,finalGc6,finalGg,fusi,mh,oof,ssc,wang,wangOrig,wuCrispr
gagnon2014,chr10:1989701-1989723,GGGTCAGAATGTGTGAAAGTTGG,danRer10,chr10:1933516-1933616:-,TGTATTTGTATTTTTCTCTCAGGATGTGAGGGGTCAGAATGTGTGAAAGTTGGGGTTTCTGGAAAGCCAAAGCAATACGCTGAATTCTTGAATAAATTTA,0.3,-0.793668558,22.03702026,52,-0.18504463,51,5,7.3441,0,0,0.502211938,5081,62,0.05152,0.652704,0.604211707,0
gagnon2014,chr10:22947982-22948004,GGGCCGTACAACCTATGAACTGG,danRer10,chr10:22778289-22778389:+,TATTTGGTCATTTGTTTCTCTACAGGAGATGGGCCGTACAACCTATGAACTGGACTCCCATCAGTCTGTGGGTGGGGACAGAAAACGATCAAGCGGATCC,9.4,-0.380727067,,26,-0.82850918,30,4,5.95736,0,0,0.50596821,4405,58,0.291567,0.777147,0.764869555,0
gagnon2014,chr10:27358914-27358936,GGAGTGCAAATTTAAAGAGTCGG,danRer10,chr10:26761660-26761760:-,CATTTCACTCTCACAGGAGCACTTCACGCCGGAGTGCAAATTTAAAGAGTCGGTGTTTGAGAACTATTACGTGACCTACTCGTCAATGATCTACAGACAA,0,-0.807282013,,27,-0.79032635,47,36,3.92402,0,0,0.655534172,3543,56,0.50125,0.888562,0.894247943,0
gagnon2014,chr10:2815864-2815886,AGCTGCTGCTATTTGAAAGATGG,danRer10,chr10:2761453-2761553:-,GCTCCGAGTCATCGCGAGATTTGCGTCTTTAGCTGCTGCTATTTGAAAGATGGCTGCAGAGGCGCGATCTGTGACTGAGAGAGACACCGCGGACGGGTGA,3.1,-0.666609637,,27,-0.78148996,23,30,6.64408,0,0,0.510699501,5085,45,0.383604,0.543662,0.5642207,54
gagnon2014,chr10:40116482-40116504,GGAGCGGGGCATGTGGATATTGG,danRer10,chr10:38832511-38832611:+,AAAAGACAAATCTTAGTTTGGAGATTGAAAGGAGCGGGGCATGTGGATATTGGCCATCATCTTTTTCCAGTGCATTTTGAATGGTGAGCAGTGCTTTTTT,48.9,1.411711272,,36,-0.56379442,64,1,11.05282,0,0,0.427554344,3647,53,-0.092156,0.637053,0.654758367,0
gagnon2014,chr10:809337-809359,GGATGATGATGATTTCTGTGCGG,danRer10,chr10:878024-878124:+,AGACTGCGAGCGGATCGGGATTGTTAGCGCGGATGATGATGATTTCTGTGCGGGTTTTTACTCTTTTATCGCTCATCATAAGCTCCGCTGCGGCTCAAGG,0,-0.807282013,,87,0.84394612,39,54,5.53539,0,0,0.657866894,3439,57,-0.223108,0.625551,0.63867399,0
gagnon2014,chr11:19400684-19400706,GAGGGTTTGTGGGTGATGTATGG,danRer10,chr11:18817967-18818067:+,TGCCATCTCCGAGATGCGTGCAATGGATTAGAGGGTTTGTGGGTGATGTATGGGACTTAGTGCGTGCCTCATATATAGGCTAAAGGGTTGGATTGGGGGT,21.5,0.168348981,,50,-0.24938516,60,9,7.79973,0,0,0.447905444,5521,64,-0.637827,0.482228,0.521110294,0
gagnon2014,chr11:28956077-28956099,GGTGAGAATTCTCCAGCAGCTGG,danRer10,chr11:27832015-27832115:-,GGAAGGTGATTTTTCCTTTACATTGGAGTCGGTGAGAATTCTCCAGCAGCTGGCTGAGCAACCGAAGACACAAAACCCTCGGCTGGCCAAGACGAGCTAC,0,-0.807282013,,41,-0.45373794,27,7,4.48795,1,0,0.548383015,4235,50,0.545912,0.734354,0.707358952,0
gagnon2014,chr12:11392458-11392480,GAGATCCTGGACTGTGCCGCTGG,danRer10,chr12:10275481-10275581:-,TCTATGTTTGTGTCAGATGGCGAGTGCACTGAGATCCTGGACTGTGCCGCTGGCTCTTGCTCTGTGCGTTATAGTGTGTCTCAGCAGCCTGGCTGAAGCG,6.7,-0.503248169,,43,-0.40618902,44,6,5.6841,1,0,0.517543256,5958,72,0.070913,0.755786,0.754899012,0
gagnon2014,chr12:30518974-30518996,GGGATCCCGCACACTGGTTCTGG,danRer10,chr12:28855863-28855963:-,ACTTCTGTCAGTTTGAAAAAGTTGAAAGATGGGATCCCGCACACTGGTTCTGGTCGTGTTTTTAGGTGCCCTCTGTGGTGAGTGGGAAACAGTTTTAACT,9.3,-0.385264886,,3,-1.884269,43,3,8.01798,0,0,0.315510076,4466,64,-0.706946,0.544567,0.513472711,0
gagnon2014,chr12:31704990-31705012,GGAGGATGGTGTGGATCCTGAGG,danRer10,chr12:30014285-30014385:-,CATTTATAGCACTGGATGACCAGCTTTCCTGGAGGATGGTGTGGATCCTGAGGATGAGCCACTGTCAGGGAACAAAGTCATGTAAGTTAGTACAGCATAT,4.3,-0.612155815,,79,0.54737814,82,10,6.04945,0,0,0.578386452,4670,48,0.357686,0.789749,0.824130472,0
gagnon2014,chr12:35821277-35821299,GGGGTGCCTTCTCCGTGGTGCGG,danRer10,chr12:35400548-35400648:-,AAATTAAGCGCCTTGTGTTCTTCATTTGCAGGGGTGCCTTCTCCGTGGTGCGGAGATGTGTGAAAAAATCCACTGGCCAGGAATATGCTGCTAAAATTAT,43.8,1.180282524,,42,-0.41820343,77,9,4.74154,1,0,0.647828789,4361,68,0.223882,0.793862,0.824470816,0
gagnon2014,chr13:1280950-1280972,GGACCGGTCAGCCATTGACATGG,danRer10,chr13:1278271-1278371:+,AATCTGATCCAGGCTCTCCAGCAGCCGTCCGGACCGGTCAGCCATTGACATGGTTCTGGTGAATTTGTTTTTAGTTGCATCGTTCATTTTAGCGTTGATT,5.5,-0.557701992,,67,0.1725864,28,46,3.87686,0,0,0.595299786,2947,71,0.147568,0.843867,0.862870357,0
gagnon2014,chr13:2388825-2388847,GGATTATTACATCAAGTGCATGG,danRer10,chr13:2777187-2777287:+,ACTAATGACCGCTTTTGTTTGTGGTGCAGCGGATTATTACATCAAGTGCATGGGGGAGGATTTCCTGATGGTGAGAGAGATGGCTCTGGAGTGCAGGAGT,0,-0.807282013,,29,-0.74793562,14,25,6.16712,0,0,0.511797154,3323,65,-0.321218,0.606022,0.513680051,53
gagnon2014,chr13:33487718-33487740,AGTTTCATCTGCTTGCTTTAGGG,danRer10,chr13:33133618-33133718:-,ATCACCAATGTCTTCCATTAAATGATGTATAGTTTCATCTGCTTGCTTTAGGGTGGCGGGATTTGTAGTGCCAGCGTAGACATGGACATGCATGTACGGT,0,-0.807282013,,41,-0.4475633,35,29,7.25027,0,0,0.208782856,3215,68,-0.721959,0.147978,0.081564724,0
gagnon2014,chr13:33491167-33491189,GGTCCCGTGTGCTGCTACTGCGG,danRer10,chr13:33137084-33137184:+,GCGGTGCTCGACTGCGCGTTACGCCATTTCGGTCCCGTGTGCTGCTACTGCGGCGCTGCTCTTCCGGCGCACACCCGTGCACATCGATATCTTTGCTCTT,74.3,2.564317191,,84,0.70636712,53,21,5.94411,0,0,0.703013423,5990,71,0.218661,0.559968,0.483120608,0
gagnon2014,chr13:50104056-50104078,GGCTCAGACCGCATGTATCCGGG,danRer10,chr13:48835063-48835163:+,GATGTTTCTGCAACGTCCAGCTGGTTAATCGGCTCAGACCGCATGTATCCGGGCCGTCTGAAGCTCCTCCTGCGGTGGTTTCCCGAAGGATTCACACCAC,12.5,-0.240054691,,47,-0.30553238,21,4,8.2746,0,0,0.492907903,4477,62,-0.16562,0.484009,0.480369899,0
gagnon2014,chr13:6473770-6473792,GGCAGGATGTCAGCCAGAGGAGG,danRer10,chr13:7431864-7431964:-,TGATGATGATTGATTTTTCACTACAGCAAAGGCAGGATGTCAGCCAGAGGAGGAAAGAAAAAGATCACCAAGCTGTCCCGTTCCGCCCGGGCGGGAGTCA,60,1.915409134,,95,1.29949,65,13,5.98466,1,1,0.62708614,5195,59,0.981436,0.883693,0.881270551,71
gagnon2014,chr14:34698338-34698360,GAATGTGAAGATCTTGACGCTGG,danRer10,chr14:33383007-33383107:+,TGGCAGGGAAACGGAGGGGAGAGCAGAAATGAATGTGAAGATCTTGACGCTGGTGATTGTGCTGGTGGTTTCTCTGCTGTGTTCAGCCAGTGCTGGTAAG,1.1,-0.757366009,,55,-0.1219271,21,22,6.03283,1,0,0.648106813,4541,36,0.356379,0.842854,0.854875207,0
gagnon2014,chr14:34987151-34987173,GGCTCAGACAGCCTGCCATTGGG,danRer10,chr14:33634535-33634635:-,AATGTTTTGTCTTTTTTGCAGATGTATTATGGCTCAGACAGCCTGCCATTGGGCCCCAGAGGATATTCTCCCCCAGAGCATCACTACCAGAGTTACGGGG,15.7,-0.094844496,,78,0.50226305,33,13,6.73456,0,0,0.458936909,4982,61,-0.171161,0.366479,0.274837399,0
gagnon2014,chr14:37447084-37447106,GGTCTGTGGACTCGAAACACAGG,danRer10,chr14:35886380-35886480:+,CGATGGCCTCTAGTCTGCAACCGCTTCAGCGGTCTGTGGACTCGAAACACAGGCTGGATGTGCACACGGTTTCAGACACCTCCAGTCCAGAGTCCGTAGG,49.4,1.434400365,,51,-0.21741956,56,15,4.52226,0,0,0.599099586,4192,54,0.565274,0.734076,0.728069279,0
gagnon2014,chr14:37484051-37484073,GATCGCACACTGACTGCTTTAGG,danRer10,chr14:35923330-35923430:-,ACTTGCTGACTGGCCCGTTGTAGAAACTCTGATCGCACACTGACTGCTTTAGGCCTTTGGTCATCAAAATGTTTACCATATAGCCCCCAGTTCTGATGGC,0,-0.807282013,,13,-1.2527157,18,14,6.61977,0,0,0.42833689,3401,72,-0.68097,0.332411,0.357992888,0
gagnon2014,chr14:37493150-37493172,GACGAGCCCGTGGAACAGGTAGG,danRer10,chr14:35932429-35932529:-,TGCAGGTGTTTACTGTCCTCGTTGAGCATCGACGAGCCCGTGGAACAGGTAGGATACAGTATTTGAAACAGCAGTTTGTTAAATGTATTATTTTCTCATG,40.8,1.044147967,,63,0.068229721,44,27,3.56789,0,0,0.700547741,3797,86,0.142592,0.808038,0.807289196,0
gagnon2014,chr14:41693531-41693553,GGTGTATTTCAAATTGAACACGG,danRer10,chr14:40021578-40021678:+,CTTTGTGCCTGCACGCAGCTCTTCCTCCACGGTGTATTTCAAATTGAACACGGCATCGACTCCAGTCCAGCACAAGAGAAAGCACACAAACATTTGTACG,1.3,-0.748290372,,39,-0.48756035,20,40,7.76134,0,0,0.679846207,3503,62,0.386876,0.724554,0.652765101,0
gagnon2014,chr14:48573565-48573587,GAAAACCTTTGTATAACCAACGG,danRer10,chr14:46651193-46651293:+,TTTTATCTTCGTCACGCTTGCTACTCAAAAGAAAACCTTTGTATAACCAACGGAAAACGTCTAGAGTTTTAAGACTTTAAAGGTTTGTAAATAAAAATGC,0.6,-0.780055102,,72,0.32097503,52,26,5.91357,0,0,0.644109559,3875,65,0.666597,0.881542,0.916288138,0
gagnon2014,chr15:28251697-28251719,GGACGACCGTCTCTCTCACCTGG,danRer10,chr15:28969889-28969989:-,TAACGTATCAGCCGGCAGTGGGATGGAGATGGACGACCGTCTCTCTCACCTGGAGCAGAGGGTGCAGCTGCAGGAGGATGAGATTCAGCTGCTAAAGGCG,1.4,-0.743752553,,19,-1.0361776,26,8,7.39786,1,0,0.595185343,3049,37,-0.135407,0.5,0.487642851,0
gagnon2014,chr15:33156075-33156097,GGTTCCAAAAACGTTGTCAATGG,danRer10,chr15:32860406-32860506:-,TTGAGTAGTTTTTGCTTTGACTAGACCCAGGGTTCCAAAAACGTTGTCAATGGGAGCAACTATAAGGAAAGTGACATAAAAATTGCAGCATAATTATGGC,0.6,-0.780055102,,80,0.57225184,38,14,7.63362,0,0,0.494905365,3676,49,-0.015207,0.705693,0.71485896,0
gagnon2014,chr16:22249685-22249707,GGCCCTCATGACACTACTGATGG,danRer10,chr16:20356097-20356197:+,TTTTGTGTGATTGTTCAGGTTGACAGTACTGGCCCTCATGACACTACTGATGGTTTCTGTTGAGTCGGATCTCTCCAATGAAGAGTGGAAGTCTCTAAGT,0,-0.807282013,,69,0.23933154,23,35,4.2398,0,0,0.598436153,3658,65,-0.017025,0.793235,0.873193537,58
gagnon2014,chr16:25111170-25111192,GGTCAATCTGAGTGATTATCTGG,danRer10,chr16:23015438-23015538:-,CAGGTTAACTGGAGATGATTACTCTGTCCAGGTCAATCTGAGTGATTATCTGGATATACTGTGTCCTCACTATCCCGGCGACCACCCGTCCGGCGCTTCA,2.2,-0.707450005,,1,-2.0384611,34,10,3.87988,0,0,0.361369619,4264,56,-1.074761,0.190668,0.125236423,0
gagnon2014,chr16:25581024-25581046,GGCGCAGTTTGTCCAGCTGGCGG,danRer10,chr16:23426651-23426751:-,GTTTCGTTTTTGTAAAATCTCTGCAACAATGGCGCAGTTTGTCCAGCTGGCGGCAGTGTTGAGTTTGTGTCTCCTGGCAGCGGTGGTGAACGCTCAGGGT,65.1,2.146837882,,58,-0.056607811,69,19,4.91051,1,1,0.608100093,5131,51,0.761233,0.796001,0.791303616,0
gagnon2014,chr16:26212417-26212439,GGCCCAGGAGGAGCCCACACTGG,danRer10,chr16:24058061-24058161:+,CTTACTATGTTTATCATAAATTTAAGCAGAGGCCCAGGAGGAGCCCACACTGGAGCAGCATTTCACAAAATTTGGGACCCAGATGAAGGAGATTGCAGAG,95,3.503645637,,87,0.84120866,54,10,4.7144,1,0,0.58741646,5261,52,0.037458,0.670752,0.712540225,0
gagnon2014,chr16:26224426-26224448,GAACAAGATACTGGCTATCACGG,danRer10,chr16:24070070-24070170:+,ATTAAATCCTTCACAGCTTCCTGCCATTATGAACAAGATACTGGCTATCACGGTTTTTGTTGCTTTCCTTGCACTGGGTATGTACACACACACATAAACA,4.7,-0.59400454,,41,-0.45029894,40,2,4.15144,0,0,0.560865376,2709,49,-0.238612,0.598293,0.59747072,54
gagnon2014,chr16:27335598-27335620,GACTGAGTACTACGAGGAGGGGG,danRer10,chr16:25181254-25181354:+,CGGTGTGTCTGTAAAGCACTACATATCCATGACTGAGTACTACGAGGAGGGGGGCTTGCTGTACGAGCACTCACCTCCCATGCACATCAAAGTGGAGTCT,51.1,1.511543281,,85,0.74482249,53,21,5.97816,1,1,0.560189036,4474,53,0.557954,0.862627,0.894551761,0
gagnon2014,chr16:45765184-45765206,GGACGTCCATCCGCAACATTCGG,danRer10,chr16:43023343-43023443:+,AGGCCTCCGACACGCAGAATCAGTGACTGAGGACGTCCATCCGCAACATTCGGGCTCTGCATGTTCACTGTATGCAGCTTTCCATCCTCACGGACATACC,0.3,-0.793668558,,40,-0.47110062,37,21,4.84511,0,0,0.413282294,3749,72,-0.096505,0.471171,0.447032441,0
gagnon2014,chr16:58708163-58708185,GGGAAGAGGGAGCACGGGCTGGG,danRer10,chr16:55039946-55040046:+,GCGTACACGGCTCCGGTCTGCCCGCTGTACGGGAAGAGGGAGCACGGGCTGGGGGAGTCCTGCGTCTGCATGAAGTAGCGGCTGGAGCTCAGCCCGTCCA,19.3,0.068516972,,49,-0.26646684,66,1,5.66809,1,0,0.400843227,7102,68,0.042739,0.748314,0.719563818,0
gagnon2014,chr16:7770007-7770029,AGTGTGCTCAGCACGTGGAATGG,danRer10,chr16:6615691-6615791:-,GAGGTAGAGAAGAAGCAGTGGACAGGAAGTAGTGTGCTCAGCACGTGGAATGGCTTCTTCACTTCGCTGTGCTTTGTTGGGGCTCTCATTTGAGAAACAT,0,-0.807282013,,51,-0.21410894,38,33,5.21707,0,0,0.653078365,3535,54,0.441304,0.755665,0.812567371,0
gagnon2014,chr17:22518029-22518051,GGAGTCCATATTGGCCCTTCTGG,danRer10,chr17:22668130-22668230:-,TCGGGCGCAAGAGGGTAAAGAGGAGCGAGAGGAGTCCATATTGGCCCTTCTGGGGATCATAGGCACCTTCTTGAACCTCTTCGTCATTGTGTTTGTTTAC,6.2,-0.525937262,,30,-0.72101906,42,1,6.05105,1,0,0.248188437,4491,68,-1.019802,0.428299,0.445137015,0
gagnon2014,chr17:22518108-22518130,GAGGTGGGGGGGTCAGAATGGGG,danRer10,chr17:22668209-22668309:-,GTTTCTCCACAGATAAGCACCCTGGAGACAGAGGTGGGGGGGTCAGAATGGGGACGACCACTGTCAGTATAGAGGAGGTTCGGGCGCAAGAGGGTAAAGA,4.4,-0.607617996,,77,0.45162238,92,4,4.76227,0,0,0.555709135,6409,66,0.518664,0.796611,0.861366121,0
gagnon2014,chr17:22518738-22518760,GGGAGTCTTACCCTACGGCGTGG,danRer10,chr17:22668856-22668956:+,CTAGACAAAAGCAAGTACAATATGAAAATAGGGAGTCTTACCCTACGGCGTGGGAGATCTGGGGGAAGATCCAGCATGCTGTGGTCTCATCACAGGAGAT,0,-0.807282013,,89,0.9508881,57,36,5.78603,1,0,0.692433975,4281,64,0.78303,0.9003325,0.901616583,0
gagnon2014,chr17:22519423-22519445,GGAGGGAAAGGAGAGAAGGTGGG,danRer10,chr17:22669524-22669624:-,GAGCGCAAAAGGAGGGAAAGAAATCACGGAGGAGGGAAAGGAGAGAAGGTGGGGGCCAGTTTTTCTACAAATGCTGAGACGCCTCACTTTCACATGCTAA,43.2,1.153055613,,96,1.4573874,42,25,4.97577,0,0,0.534184953,6342,72,0.514747,0.871687,0.893416423,0
gagnon2014,chr17:30922216-30922238,GGGCGAGACACTGTACATCGAGG,danRer10,chr17:30846095-30846195:-,TCGGAAAGCAAGAAAGCCAAGAATGGCGTCGGGCGAGACACTGTACATCGAGGCCGACGGCTCGGAAATGCCGGCCGAGATCGTCGAGCTGCACGAAATC,25.7,0.358937362,,83,0.66155598,49,12,6.68958,0,0,0.787455726,4857,48,0.948403,0.818369,0.84657387,85
gagnon2014,chr17:42389982-42390004,GGCTTCCAGCCTTGTGCAGAAGG,danRer10,chr17:42288674-42288774:-,ACAGAGTTTGAGCTCAAATAAATGCCGTGAGGCTTCCAGCCTTGTGCAGAAGGCAGCGGGAGAGACAACGAATACCGTCCTACGGGCATCAGGTACGCAT,0,-0.807282013,,48,-0.29578183,35,3,7.0296,0,0,0.540513517,4372,69,0.090104,0.534805,0.551189631,0
gagnon2014,chr18:15838123-15838145,GGATGTTGAGGAGGGATCAGAGG,danRer10,chr18:16189841-16189941:-,GGTAGGAGATGTTCCTCAGAATAAGCAGAAGGATGTTGAGGAGGGATCAGAGGAGGAGGAGGAGGAGGAAGAGGAGGAGAGGCCCGCCTGGGGCAGCAAA,20.9,0.14112207,,99,2.1098671,57,32,5.28381,0,0,0.570383707,9668,41,0.270678,0.793863,0.871232513,0
gagnon2014,chr18:23661654-23661676,GAAAATATTATCACTTACCTTGG,danRer10,chr18:23891379-23891479:-,AAACGTAAGTGGCTTCGCAAGTTAAAGTGTGAAAATATTATCACTTACCTTGGTCTTGGGGTAAAATCCACTTTGCATTGGTTCGATATAATTTACTTCT,0.4,-0.789130739,,32,-0.65469862,10,7,2.78581,0,0,0.509983835,3291,68,-0.274307,0.779568,0.78159626,0
gagnon2014,chr18:24780183-24780205,AGATCGCAGCGGTGGCGATATGG,danRer10,chr18:25009908-25010008:-,AATGGCGTCGACAGCTCAAGAAGAAAGAACAGATCGCAGCGGTGGCGATATGGTAAGATTTCTTTATAGGTTTGAACTTATAATCTTGTTTGAGCGCGGG,0.8,-0.770979465,,69,0.23803208,42,2,7.18186,0,0,0.414735135,2675,66,-0.462991,0.46191,0.366855979,0
gagnon2014,chr18:49677424-49677446,GGCAGCGGAGACCCTGAGGGAGG,danRer10,chr18:50858737-50858837:+,AGCTGTTCAGCGACGTTACCGGGCAGAAGAGGCAGCGGAGACCCTGAGGGAGGACCACCGGGACACACACCAGCAGCAGAAACAGCAACACACAGCCCAT,29,0.508685375,,97,1.503343,65,31,4.77339,1,1,0.633591226,7060,58,0.685351,0.832928,0.848057954,58
gagnon2014,chr19:16830113-16830135,AGAGGAAGCGCACGCGACTTGGG,danRer10,chr19:17462507-17462607:-,ACCTGCTGAAGCAGTGTAGCAATTGATCTCAGAGGAAGCGCACGCGACTTGGGAACTATACAAGCATTTGCCTAGGATCCCCACTTTACATGAATTACAC,0,-0.807282013,,63,0.07078476,63,8,4.49444,0,0,0.537320281,3544,66,-0.371999,0.523452,0.526739464,0
gagnon2014,chr19:16841138-16841160,GAGATAAAGAGCGAGCACAAAGG,danRer10,chr19:17451482-17451582:-,GTGTAACAAAAATGGTATCTTACCAACTGCGAGATAAAGAGCGAGCACAAAGGAGCCGAAAATGATTTTGTTCATGGTTTCTGCTGTAAATGAGCTAAGT,19.5,0.07759261,,96,1.4605437,57,33,5.31725,0,0,0.702843527,4074,77,0.364147,0.844082,0.869144701,80
gagnon2014,chr19:43764903-43764925,GGACAGCCGACTGAGCGAGCAGG,danRer10,chr19:42674657-42674757:-,GAGCGTCTGCAGGGCGCAGATTCAGATGCAGGACAGCCGACTGAGCGAGCAGGACGAGCAGTTCATCAAGAGAGACCTGGTGAGGGAAATGACATTACTC,23.8,0.272718809,,66,0.15141466,37,15,5.62494,1,0,0.582386294,6153,51,0.475716,0.793135,0.780291925,0
gagnon2014,chr1:11431775-11431797,AGCATCTGGGTCATCCCGAAAGG,danRer10,chr1:11448573-11448673:+,ATTCTAAGAAATATTCACTTTTGTTTCAGGAGCATCTGGGTCATCCCGAAAGGTATGGGGGAATTTTTGTGTTTGTCAGTGATTAACTAGTGTTTTTTTT,0.4,-0.789130739,,72,0.31132649,57,10,7.10819,1,0,0.632885668,3850,74,-0.280951,0.392521,0.301587841,66
gagnon2014,chr1:1474221-1474243,GGATGAACTCAAAAAAGAAGTGG,danRer10,chr1:1569610-1569710:+,CAAGGGCAAGAAAGAGAAGGATAAAGACATGGATGAACTCAAAAAAGAAGTGGACTTGGTGAGTTAGTTTATGAGCATAAATCCTATAATGGCTATCGTA,0.1,-0.802744195,,76,0.4350393,13,45,6.56891,0,0,0.66167843,3164,66,0.716804,0.9447839,0.964804271,0
gagnon2014,chr1:18257448-18257470,GGCTCTGTCCACCGAGCGCTGGG,danRer10,chr1:18822585-18822685:+,CAGCATCGGCTCTGTGGTGCTTCTGGTCGTGGCTCTGTCCACCGAGCGCTGGGTCACCGGGACCACGTTGTGCCAGACAGGAGTGGATCTGGTGAACGCG,12.4,-0.24459251,,48,-0.28020329,49,19,7.06431,1,0,0.442289637,4367,55,-0.233662,0.557178,0.590519689,0
gagnon2014,chr1:30762860-30762882,AGTTCTTACTATCATCCACAGGG,danRer10,chr6:59414933-59415033:-,CTTTATAACATTCATGTAAAAAAAAAAAAAAGTTCTTACTATCATCCACAGGGCAGAGGTGAAATGGTAAATGAGGCTTTTCTTTGTGTCTTCTACTCCT,5.7,-0.548626354,,64,0.10505831,28,75,4.87533,0,0,0.68307583,2278,72,0.139189,0.590502,0.612355229,83
gagnon2014,chr1:40420103-40420125,GGACACCCTTCATGGCCGATGGG,danRer10,chr1:39309464-39309564:-,TGCTGTGTTTTTCTGGGACATCCTTTAATAGGACACCCTTCATGGCCGATGGGCTGGCACAGTAAACATCTGAGATTGTGGCATTGGATCGCTTCAACCA,0,-0.807282013,,67,0.16520386,54,58,4.28127,1,0,0.604260423,3499,71,-0.136897,0.5,0.48334671,0
gagnon2014,chr1:52321233-52321255,GGACCAGACGAACCTGTTCGGGG,danRer10,chr1:51192886-51192986:+,GTGGCGAAAGACTTTGAATCCTCCGGGAATGGACCAGACGAACCTGTTCGGGGATCTGTCCGAATTGTCAAACTAAACCCTCATTTTCTGCGCCGGGCCG,10.3,-0.3398867,,91,1.0709894,27,39,4.88847,0,0,0.68373872,4305,62,-0.051362,0.739253,0.723667782,61
gagnon2014,chr1:586123-586145,GGTGGGAGTGTCGGGACGCTCGG,danRer10,chr1:29787-29887:-,GCTCTTCCTGCCCGGAGCGCTCGCTGTGTTGGTGGGAGTGTCGGGACGCTCGGGGTGTGTGCCGCTCTCCACGCTGACCGCATCATCCTGCACACACACA,7.5,-0.46694562,,74,0.37620677,72,8,6.24313,1,0,0.361691534,6964,67,-0.223238,0.510566,0.385956702,0
gagnon2014,chr20:25370855-25370877,GGGGCGGCACTTCAGGGCAGTGG,danRer10,chr20:25442110-25442210:-,CCAGAACTAGGCTTACACCAGGTGAACACTGGGGCGGCACTTCAGGGCAGTGGCATTGTCCACTGCACTCTTGAGCCACAGCCTGAGGAATAAGACAAAA,48.9,1.411711272,,74,0.38055247,75,14,7.24428,1,0,0.54898485,4950,62,0.718031,0.890074,0.871865515,0
gagnon2014,chr20:430250-430272,GGCTCCTGCCAAACTGATGACGG,danRer10,chr20:420797-420897:-,ACCTGCAGGGGCAGGTTCAGACCCTCCACAGGCTCCTGCCAAACTGATGACGGAGTGATGTATTCGGACAGAGTCCGGAAGTCCGGCGAGCTGTTGAGTT,11,-0.30812197,,54,-0.1549928,22,46,5.79687,0,0,0.643827131,3217,75,0.03244,0.760742,0.814821931,0
gagnon2014,chr20:45185335-45185357,GGAAGGCAAACCTTTTCACCAGG,danRer10,chr20:45081440-45081540:+,TTGGATCGACGGCTGGTGGGGGAAAAGGGAGGAAGGCAAACCTTTTCACCAGGTCCTTGAAATACAAGCTGCAGGAAGCTAGAACATTTTGGTGGACTTC,0.8,-0.770979465,,68,0.21402005,26,26,5.63831,0,0,0.571815602,3992,60,0.155182,0.674562,0.664682777,0
gagnon2014,chr20:54773712-54773734,GGAAGGCGCGGCGGTGCCCGCGG,danRer10,chr20:54645819-54645919:-,GGCGTCCGGCGAGACGCTGTACATCGAGGCGGAAGGCGCGGCGGTGCCCGCGGAGCTGGTGGAGCTGCAGGAGATCGAGGTGGAGACCATCGAGACCACC,64.9,2.137762245,,98,1.8365307,74,42,5.45013,1,0,0.47153955,7143,43,0.430481,0.827457,0.771927346,0
gagnon2014,chr21:44400621-44400643,GGGAAGAAGAAGGTCAGTAGGGG,danRer10,chr21:45547749-45547849:-,GTGTAGAGCCTCAGGATGTCCAGTCGTGGAGGGAAGAAGAAGGTCAGTAGGGGCTCTCGCTCGGCCCGTGCTGGAGTGATCTTCCCCGTGGGCCGCATGC,2,-0.716525642,,80,0.58168857,67,31,8.30691,0,0,0.683861086,3601,64,0.867065,0.874774,0.812885003,73
gagnon2014,chr21:627265-627287,GGCAGCTCCGGGTCCCAACACGG,danRer10,chr21:485447-485547:+,AGCAACACCTGTGCAGATACTCACTGAACCGGCAGCTCCGGGTCCCAACACGGCCTTGTGCTTCACATCGGTGCCGCTCGCGAAGGTGGAGATGGAGGGC,8.3,-0.430643071,,40,-0.46341931,53,28,3.47527,0,0,0.636042526,4840,60,-0.049042,0.5,0.467804917,56
gagnon2014,chr21:6527425-6527447,GGGCATCCAGCAGCTGGGTTTGG,danRer10,chr21:6648486-6648586:+,GTCGTTCCTGCTGTCGGTGTATAATGAGCAGGGCATCCAGCAGCTGGGTTTGGAAGTGGGACGTTCTCCTGTATTCCTGTATGAGGATCACTTAGGCAAA,10.8,-0.317197607,,20,-0.98155504,64,4,4.17952,0,0,0.45070954,4249,64,-0.54671,0.516688,0.5,0
gagnon2014,chr21:6738709-6738731,GGTTTTACCCGCTAACCCAGAGG,danRer10,chr21:6859770-6859870:+,GCTGTAATGTTTTCTGTTTGTCCTCTGCCAGGTTTTACCCGCTAACCCAGAGGAGTCCTGGCAAGTGTACAGCTCGGCTCAGGACAGCGAGGGCAGATGT,14.1,-0.167449594,,93,1.1723528,60,86,6.32784,1,0,0.744260443,4085,73,0.790896,0.854902,0.843404525,0
gagnon2014,chr22:23496011-23496033,GAAGGATGATTCAGATATCCAGG,danRer10,chr22:24285775-24285875:-,ATTTTTTTCAGTCAACCAGGTTTTCCAGTCGAAGGATGATTCAGATATCCAGGATCAAATTTTGGCATTTTTGCTGCGGAAAAATGTCATGCCTCTTCAA,12.7,-0.230979054,,27,-0.78484443,42,1,3.38865,0,0,0.529563872,3813,62,-0.349259,0.59111,0.612225274,0
gagnon2014,chr22:24979604-24979626,GGATCATATTCAAGGGATCATGG,danRer10,chr22:23238285-23238385:-,AGCAGCCATGCTTTTCCACGGCATCTCTGGGGATCATATTCAAGGGATCATGGAGGAGATGGAGAGGAGATCTAAATCGGAGTCTCGACTAGCAAAAACC,39.1,0.967005051,,62,0.059843358,18,2,3.49034,0,0,0.547954475,5496,76,-0.492962,0.597926,0.627410318,0
gagnon2014,chr22:26325914-26325936,GAACTGAAGCTGAGCTGTCCTGG,danRer10,chr22:25755968-25756068:+,TCAGCAACAGTAATTAGGTGTGGCGGGTTTGAACTGAAGCTGAGCTGTCCTGGTAAGTGCTTGAATGCCAATCTATTAAAGTTTTGTTGAATGTATAATG,5.5,-0.557701992,,17,-1.1075246,28,1,6.75786,1,0,0.567060081,4766,60,-0.603423,0.657704,0.716439999,0
gagnon2014,chr22:375705-375727,GAGGTTCTGCTCTACCGAACCGG,danRer10,chr22:367477-367577:-,GCTGCGCTATCCTCCTGTTTCTGAACACTGGAGGTTCTGCTCTACCGAACCGGACCAGCGATGTGCATAATGAGGCCACGGACAGTAATAAAGAGCCTCT,11.6,-0.280895058,,26,-0.83358917,70,15,7.39257,1,0,0.524678428,3729,73,-0.108101,0.608371,0.593801102,0
gagnon2014,chr22:39718740-39718762,GGGAAGGTATATAAAATCCTGGG,danRer10,chr22:36895325-36895425:-,CCGTCAACATCTGATCTGGAACGGGGTTGTGGGAAGGTATATAAAATCCTGGGACAGTGCTCTGCTGTTATTTCGAGGAGAGTCCTGCTTCCTAGACACG,22,0.191038074,,40,-0.47354315,43,40,5.01712,0,0,0.577182817,3618,68,0.257384,0.70892,0.547700782,0
gagnon2014,chr23:42070629-42070651,GGACTCTGCGGTGAACCGCTTGG,danRer10,chr23:41904723-41904823:+,CCTGAGATGCGCGCAACAGATCTCCGATTTGGACTCTGCGGTGAACCGCTTGGTAAGATTATTATCCCTATATTTTGAGTTTTACGTGCGCTTAATTTAG,0,-0.807282013,,53,-0.16511588,50,52,4.89661,1,0,0.584599266,2544,55,-0.245776,0.606705,0.559416191,0
gagnon2014,chr24:17898961-17898983,GGAGACCACGAGTACATGACAGG,danRer10,chr24:17205389-17205489:-,TCTGTCTTTACCATAAAGTTTTGCTGGAGGGGAGACCACGAGTACATGACAGGAACAGAGGCCACGGCATTCAGTGTTTTGAGGGGAATGACTTGTCTGG,1.6,-0.734676916,,64,0.094154486,42,36,5.32987,0,0,0.583821907,5221,73,-0.209396,0.594527,0.590818616,0
gagnon2014,chr24:9785269-9785291,GGCAGCAGTGGAGGCCATTTTGG,danRer10,chr24:9844105-9844205:-,TTTTTTTTTGTAGTTTATGCATACAGCCCTGGCAGCAGTGGAGGCCATTTTGGATCTAATAATCCTAGCCAGTCCATGCAGGAGGTGAAACAAAGTGTCC,5.9,-0.539550717,,59,-0.025372961,63,3,5.2621,0,0,0.174961682,3315,44,-1.102502,0.261299,0.189328519,0
gagnon2014,chr25:10773162-10773184,GGATGGACCCTGAACAGTGCTGG,danRer10,chr25:10465165-10465265:-,TTTTGTGTAAAACAGGCAAAAGAGAAGAGAGGATGGACCCTGAACAGTGCTGGTTACCTCCTCGGTCCTCGTGAGTCCGCTTTGTCCATCTGTCTGTCCT,13.5,-0.194676505,,16,-1.1260116,21,24,6.45141,1,0,0.575180724,3286,47,0.051205,0.841535,0.862251058,0
gagnon2014,chr25:16199065-16199087,GGTGCACAATGAAAACTGCCTGG,danRer10,chr25:15745578-15745678:+,GCTTCTGTCCGACCTGTGCTCGAGGGGAGAGGTGCACAATGAAAACTGCCTGGATTTCACTTACTATTTTCGCGATCTCGGGAGACCCAGATATTCGGAC,2.4,-0.698374368,,89,0.95331609,10,39,4.61844,1,0,0.54588931,2673,49,-0.349405,0.701462,0.714051427,0
gagnon2014,chr25:19933333-19933355,GGACTCGTTCGCTCTCGCTCCGG,danRer10,chr25:19345279-19345379:+,TGTGTCCAGTTCCACTTCAATCTCCGGCTCGGACTCGTTCGCTCTCGCTCCGGTCAACAAGCAGACCAGCAGCGCGCACACTGCCATGCGCATCCTCAGA,11.1,-0.303584151,,23,-0.90663536,42,24,6.06961,1,0,0.551459008,4381,66,-0.001512,0.665911,0.640734072,0
gagnon2014,chr2:33045017-33045039,GGTCTCACGTCTCCAGCCCTTGG,danRer10,chr2:33343876-33343976:-,TCGACAATGCTGAACTCCACCTCAATAAGGGGTCTCACGTCTCCAGCCCTTGGGTTAGTTTTTGCTATATCAACTTTCCAGTCCTGGAGAAAAAGAAAAC,16.4,-0.063079766,,16,-1.135067,38,8,5.53433,1,0,0.395777462,2998,55,0.060186,0.60402,0.525048054,0
gagnon2014,chr2:48802306-48802328,GATGCTCAGAGTTACTGCAGAGG,danRer10,chr2:48609312-48609412:-,CACTATATAAACCTGCAGATGTCATGGCCAGATGCTCAGAGTTACTGCAGAGGGAATTTCACTGATCTGGCTACTGTAGACACCATGGATGATGTGAACA,0.1,-0.802744195,,90,0.98421209,47,31,5.74946,1,0,0.697508897,3826,69,0.788362,0.9023557,0.921757404,61
gagnon2014,chr2:56393239-56393261,GGCCGAGCTGAACTTTGAGGAGG,danRer10,chr2:56056276-56056376:+,AGATGCAGTGGGGAAAACCAGCCAACTTCTGGCCGAGCTGAACTTTGAGGAGGACGAGGAAGACACTTACTACACTAAAGACCTGCCGGTGCACGCCTGC,50,1.461627276,,73,0.33068803,47,63,6.00015,0,1,0.628155477,4735,39,0.938708,0.9131554,0.942461227,55
gagnon2014,chr2:7136507-7136529,GAAAACGACGTGGCGCACCAAGG,danRer10,chr2:7559939-7560039:-,GCCAGCAAGATAGAATCGCGCAAAAAGCATGAAAACGACGTGGCGCACCAAGGATCTGCTATTACAACAGGTAACAATAGATTGTAACTAAAAATATATT,11.4,-0.289970695,,96,1.4620133,36,15,4.24849,1,0,0.678649146,3537,82,0.057076,0.794372,0.768126958,76
gagnon2014,chr2:7359488-7359510,GGTCCTGCTCGTTGGATTTCTGG,danRer10,chr2:7678169-7678269:+,TTTGCTGAAAATGGAGAAGATGGTCCACTTGGTCCTGCTCGTTGGATTTCTGGGTTTATCTGCAGGGCAGCTGATACCTACTGGTGAGTGACTGATCAAA,0,-0.807282013,,10,-1.3807383,6,1,7.45236,0,0,0.040004648,4599,65,-1.196467,0.144491,0.082592213,0
gagnon2014,chr3:17184973-17184995,GGGAGCGCGCGCGCAGCAGGAGG,danRer10,chr3:17391258-17391358:-,GCACAGCATCTCGTAGAGTTTGCAGGAGCCGGGAGCGCGCGCGCAGCAGGAGGCCACGCCCTCCACGTCCCGGGCCAGGTGAGCGAGCAGCGCCATGAAG,0,-0.807282013,,90,0.98416135,74,14,8.72873,1,1,0.610636679,7739,59,1.129545,0.833419,0.814592958,0
gagnon2014,chr3:20703696-20703718,GGGCCAATGACAAACTCAAATGG,danRer10,chr3:20567825-20567925:-,AGGTCATCAAAAGCTCCACCTTCTCCTCGGGGGCCAATGACAAACTCAAATGGTGAAAAAAAGGAGCACATGTAGATTTGCGTTAATATTTTGACTTGGT,2.2,-0.707450005,,75,0.39593259,44,45,5.15197,0,0,0.515650659,4582,71,0.066855,0.711747,0.780820575,0
gagnon2014,chr3:22583892-22583914,AGTTCTTCTCTCCTGATTAGAGG,danRer10,chr3:22240252-22240352:+,CGCATTCAAAAGCTTTATTGTCGTAATCAAAGTTCTTCTCTCCTGATTAGAGGATACAAATAAAGACGGGAAAAATATTAGGCACAGAAAACACAAAACA,0,-0.807282013,,63,0.084922779,34,32,8.8293,0,0,0.415343567,2525,80,-0.179698,0.473515,0.50727328,0
gagnon2014,chr3:28978163-28978185,GGAGTCCTTTGACCTGGCTCAGG,danRer10,chr3:28696171-28696271:+,CGGGCAGCAGGGACTGGTGGTCGTTCTGCAGGAGTCCTTTGACCTGGCTCAGGATGTCAAACCTCCAGTCATCAAGCACTTGAGTCAGATTTGCAACTCC,9.1,-0.394340523,,40,-0.46133472,56,14,4.41477,1,0,0.488930925,3864,58,-0.027061,0.746539,0.71969576,0
gagnon2014,chr3:35949693-35949715,GGAAGAGTTGGTGGTCGGCTTGG,danRer10,chr3:35734858-35734958:+,ATTAGACCAACTTACTCTCGAACGCCTCCAGGAAGAGTTGGTGGTCGGCTTGGATCTGCTCCATCTTGAGTCGCTTGACTGAAGTCATCACAACACCGGA,32,0.644819932,,25,-0.83841305,57,8,5.28459,1,0,0.526448345,4332,53,-0.445537,0.641902,0.602241787,0
gagnon2014,chr3:40571693-40571715,GGAGATGGTCTGGGCGAAGCAGG,danRer10,chr3:40435005-40435105:-,GGCGATGTGCACGCTCCATTTCTCCGCGATGGAGATGGTCTGGGCGAAGCAGGTTATCCTGTCCTCGGTGCCGCCCAGGTAGCGCTTGTGCGGCTCGGAC,0,-0.807282013,,56,-0.10298006,58,5,6.86175,1,0,0.521484571,4542,38,-0.199344,0.66266,0.724961324,0
gagnon2014,chr3:63095393-63095415,GACACACGGATGATCTGGTAAGG,danRer10,chr3:62196467-62196567:+,ATGTGGATTACACTCACCCCGCAGCCGGAGGACACACGGATGATCTGGTAAGGTCGAGTTTAGGTCATTATATTGGCTTGATAGATGTGATGATGCTGAC,38.5,0.93977814,,62,0.036401369,57,1,6.31729,0,0,0.61398478,3996,73,-0.274351,0.647494,0.638807656,0
gagnon2014,chr4:10645246-10645268,GGCTTACGATGAACCTTGTGTGG,danRer10,chr4:11581825-11581925:-,CAGTCAGTGGATTTTACTGAAAGAAATGGTGGCTTACGATGAACCTTGTGTGGTACCTATCAAACGGACTTTACAAAAGATAGACTACCAGAACCAGGCG,11.8,-0.271819421,,85,0.73693612,41,16,4.59469,0,0,0.660392748,3699,63,-0.45165,0.47858,0.440811537,0
gagnon2014,chr4:12002271-12002293,GGACGGTGTGGCAGCATTTGAGG,danRer10,chr4:12938867-12938967:+,TCAGGTGGGCTTTCCATGCAGAGGTGACCAGGACGGTGTGGCAGCATTTGAGGTGACCATCCTGGTGATGGATGCTGGAGGAAATATCATCCTGAGGACG,51.7,1.538770192,,87,0.81845028,59,15,4.78367,0,0,0.463023121,4971,61,-0.425385,0.548758,0.658917333,0
gagnon2014,chr4:12010070-12010092,GGTGGTCTGTGTATGAGTCCAGG,danRer10,chr4:12946666-12946766:+,TTAGCCCTGTGCTCTCCAAGATGTCTAAATGGTGGTCTGTGTATGAGTCCAGGCGTGTGTATTTGTCCACCAGGCTACTTTGGATCCAGTTGTGAGAGAG,32.4,0.662971206,,29,-0.75407152,58,11,8.54389,1,0,0.623709567,4957,57,0.37162,0.672912,0.771797386,0
gagnon2014,chr4:12010088-12010110,GGTGGACAAATACACACGCCTGG,danRer10,chr4:12946667-12946767:-,CCTCTCTCACAACTGGATCCAAAGTAGCCTGGTGGACAAATACACACGCCTGGACTCATACACAGACCACCATTTAGACATCTTGGAGAGCACAGGGCTA,39.6,0.989694144,,84,0.71886598,36,26,5.1814,1,0,0.581450743,4772,53,0.074633,0.776812,0.788546447,0
gagnon2014,chr4:16404816-16404838,GGCTTTGCCCAAATTTAAGATGG,danRer10,chr4:17347625-17347725:+,ACTTTTTGTTGAGCTGACTACTCGCTCAATGGCTTTGCCCAAATTTAAGATGGACGAAGAACATACGGACCAAGAAAGAATGGTTTCAGTAGCAGGAGAA,3,-0.671147456,,43,-0.40985496,-2,39,7.37018,0,0,0.465517324,3155,76,0.249546,0.776918,0.727349032,51
gagnon2014,chr4:642932-642954,GGGTTTCCAGGGTCTGCTGGCGG,danRer10,chr4:860800-860900:-,GGTCTACAGGTGGCTGGTTTACAGTGATCCGGGTTTCCAGGGTCTGCTGGCGGTTCTGGAGGCTGGAGAATATCCTTTTCCAGAGGACTGGGGTTTCCCA,47,1.325492719,,48,-0.27658765,69,45,4.01761,1,1,0.625903278,5593,47,0.350989,0.763356,0.743883771,61
gagnon2014,chr5:21612331-21612353,GGTTGAAGACTTTGAGAACAGGG,danRer10,chr5:19325172-19325272:+,CTCGAGATACAGCTTCGAACAACATCCAGCGGTTGAAGACTTTGAGAACAGGGGGCTCCGGGGATCCCTCATCACATGACATCCCGATCTCTGCCTTCCT,9.3,-0.385264886,,40,-0.47648678,31,16,6.10302,0,0,0.596108222,2747,82,-0.20384,0.5,0.562659166,0
gagnon2014,chr5:25097481-25097503,GATAAAGAGCAGAAACTCACAGG,danRer10,chr5:22924715-22924815:+,GTGGTGGTATTTTTTTGAGTGTGGGGGAAAGATAAAGAGCAGAAACTCACAGGCGTGCGTGACTGAGAAGCTATTGGACGACTCCAGATTGTCCACGTTG,1.9,-0.72106346,,79,0.53963906,40,27,7.45588,0,0,0.606132751,3821,69,0.281483,0.68988,0.551661669,0
gagnon2014,chr5:4457571-4457593,AGGCTGATTGTGAGATGTTTCGG,danRer10,chr5:4092601-4092701:-,GGTGTTAAAGTCTACTTTACCTGTATTTCGAGGCTGATTGTGAGATGTTTCGGTCCATTTATTGCAGTTGTCAGCTGTGTTGTCATTGTCACACTGATCT,9.7,-0.367113611,,0,-2.4317823,69,10,4.05146,0,0,0.388823777,4295,68,-0.641492,0.333134,0.299411576,0
gagnon2014,chr5:51525877-51525899,GAAACGGTAAAGTGGACACTTGG,danRer10,chr5:49091527-49091627:-,ACACAAGGCACGCATGAAAACAGCACTGAAGAAACGGTAAAGTGGACACTTGGACATTCAAAGTGCGAGCGCCCAGCGACTGGTTGGTATTAGCTACTTA,29.2,0.517761012,,69,0.22596457,37,5,4.90717,0,0,0.620469109,3884,64,-0.214774,0.696096,0.647263978,0
gagnon2014,chr5:71787014-71787036,GGATGTTGTCACTCGCTGACAGG,danRer10,chr5:68111584-68111684:-,CCGGCAGCCGAATGCGAAGCTCCGAGAGCTGGATGTTGTCACTCGCTGACAGGGAAGACATGTCAAAGGAGACGGTCCATCGCTCTTCAGTTTGATGACA,3.5,-0.648458363,,53,-0.16577579,37,16,6.8569,1,0,0.487084528,3525,55,-0.442938,0.44347,0.513357618,0
gagnon2014,chr6:19544130-19544152,GAAAGGGAAAATGAAGCCGTTGG,danRer10,chr6:21894871-21894971:-,AGTGCCGTTATTTCGAGCTGAGGACGAACAGAAAGGGAAAATGAAGCCGTTGGCTTGCCTTTTTTTCGTGGCCTTACTAACCTTCTTCACTGGTATGTTT,24.4,0.29994572,,72,0.30451376,62,14,5.49835,1,0,0.62612051,2299,78,0.915672,0.889823,0.843720788,0
gagnon2014,chr6:59580694-59580716,GAGGCGTCGAGCAGCGGCGGCGG,danRer10,chr6:59922234-59922334:-,CATTTTCTTCTCCTCATCACCAGCAGCGCTGAGGCGTCGAGCAGCGGCGGCGGCCACCGACACTCGGCACGGCTTCATGGAACCGCGCCGTGCAGTGGAG,2.6,-0.68929873,,82,0.64664181,89,16,5.04157,1,1,0.412118204,6892,63,1.138602,0.9479521,0.942756341,0
gagnon2014,chr7:22808475-22808497,GATGTGGACGGAGAGCACAGAGG,danRer10,chr7:21373629-21373729:+,ATGGAGCGACTGGATTCTATATCTGCAGCCGATGTGGACGGAGAGCACAGAGGTCAGTTGGCAATGGCATGAACTTGATTGAATTGAAGGTTGTCTGCTT,26.9,0.413391184,,99,2.8216335,56,68,5.38372,1,0,0.794283909,4982,68,0.945495,0.919014,0.929791794,89
gagnon2014,chr7:25658469-25658491,GGACTCAGGCTCGGTCATCCCGG,danRer10,chr7:24220173-24220273:-,GCTGATGCTGCTCGTGTGTTGCCAAGCCGAGGACTCAGGCTCGGTCATCCCGGCCGAGAGTAAGCCTCAGTCTGCTTTTTAGACGAGTGGGCAACAGACA,87.9,3.181460518,,46,-0.328914,29,3,7.47251,0,0,0.547212939,4546,73,-0.47604,0.490758,0.493902738,0
gagnon2014,chr7:52221389-52221411,GGGAAGTTTGTCCAGAGCAGAGG,danRer10,chr7:50491091-50491191:-,ACAGTTGTGCGTCATCAAAGGTCAGTTCTTGGGAAGTTTGTCCAGAGCAGAGGACGGTGAAGAGTCCCGCTACGAGGAGTCCTGTCATCAGCATCTCAGA,76,2.641460107,,89,0.94353315,49,59,4.12,1,0,0.600506659,5056,75,0.710321,0.9213094,0.946250071,52
gagnon2014,chr7:62886958-62886980,GGCTGTTCCCGAGGAAGCTCAGG,danRer10,chr7:61934125-61934225:+,GCCGGTTCCTCAGCAGAACAGCGATGATGAGGCTGTTCCCGAGGAAGCTCAGGATGAAGATCAGCGCATAAAGCACGATCCGCACCGTCTGGTTCATATC,16.6,-0.054004129,,30,-0.71587216,45,13,6.2747,0,0,0.49412328,4662,32,0.014967,0.702519,0.728965792,0
gagnon2014,chr7:75094098-75094120,GGGCAAACGGCTCAATGACATGG,danRer10,chr7:71184114-71184214:-,CGTCCTCTGCGCCGGTCCTGAGGAGATGAAGGGCAAACGGCTCAATGACATGGCCAGCTTGCATAACGAGTGCATCTCCACAGGTTTGTCAATGAACACG,4.9,-0.584928903,,18,-1.0725606,42,6,4.14712,0,0,0.580271245,4463,51,0.359913,0.757171,0.786381126,0
gagnon2014,chr8:26367067-26367089,GGGTAATCTGAATGCTTCTTAGG,danRer10,chr8:25494954-25495054:+,TTCATGGCCTGCAGGGCTTCCTCTACAGCAGGGTAATCTGAATGCTTCTTAGGAGTTCTCTTCAAAAGTTCCTGAAGAGCAAACAGCAGGTACATGCTTG,60.9,1.956249502,,7,-1.5035777,60,8,4.1307,0,0,0.332933154,4129,62,-0.88882,0.353661,0.248221764,0
gagnon2014,chr8:33255299-33255321,GAAAACCTGCTTTATAGTCATGG,danRer10,chr8:32397994-32398094:+,TCAGAGGATGTGCTTCTGAACAACACAACAGAAAACCTGCTTTATAGTCATGGTAAGCAAACACACACACACAGACACCTTACAATTCCATTCAGTAAAG,3.1,-0.666609637,,21,-0.96260055,25,11,6.60613,0,0,0.56997666,4809,59,-0.208867,0.760888,0.770542767,0
gagnon2014,chr8:42370399-42370421,GGTCAAAACTCAGACAGGTCAGG,danRer10,chr8:40287236-40287336:+,TGGACAGAGAGTGGACGATGGCGAGGTAGCGGTCAAAACTCAGACAGGTCAGGCAGAAGACGCTGGCGTACATGTTGACCAGCACCACGTAGCTGCTGAT,26,0.372550817,,69,0.23244667,37,11,5.12246,1,0,0.586604241,4601,54,0.108905,0.665996,0.738252445,0
gagnon2014,chr9:3033713-3033735,GAGGGCGAGACAAAGACATCTGG,danRer10,chr9:3029154-3029254:+,TTTATTGCTGCTGTTGGTGTGCTGTTGGTGGAGGGCGAGACAAAGACATCTGGATGAGGAGATTATGGCTCGGCGGCGATTTCGACGGAAACTCATTTTG,61.3,1.974400776,,81,0.61061391,40,4,6.2329,0,0,0.534042665,5150,77,0.00492,0.636538,0.622987223,0
gagnon2014,chr9:34746502-34746524,GGGAAAAGCGAGAGAAACCGAGG,danRer10,chr9:33979499-33979599:+,TGGTGGTGATGAGGAAAAGAAAATGGCGGCGGGAAAAGCGAGAGAAACCGAGGAGGACTTTCCGAAGCTTACGCCGCAAGAAAGGGAGCGCTTAGCCAGC,40.6,1.03507233,,95,1.3728742,50,84,3.96697,0,0,0.673312467,5843,67,0.762107,0.9331437,0.939101889,83
gagnon2014,chr9:47610786-47610808,GGGTTGTGATCAAAATGATCTGG,danRer10,chr9:46609558-46609658:+,GCATAGCAAATCCCAAGTACATGATAGTGGGGGTTGTGATCAAAATGATCTGGAAAACCCAGAACCGGACATGAGAGAGTGGTGCAAATGCATCGTAGCA,0,-0.807282013,,22,-0.93221375,20,7,3.41259,0,0,0.526934015,4433,64,-0.127551,0.586962,0.477716025,0
